MemberNo,FirstName,LastName,Email,Mobile,BirthDate,JoinedDate,LoyaltyTier,BalancePoints,SignedUpProperty,MostPlayedProperty,LastVisitDate,Locale,State,MonthlySpend,DiscountOffer,Current_CST_Time,Current_AEST_Time
1001,Thomas,Poole,xux-atepovi94@example.com,61400000000,23/04/1985,15/01/2020,Gold,1231,Casino Royale,Casino Royale,25/06/2024,en-US,NV,500,,03/08/2024,04/08/2024
1002,Keith,Berry,vapocex-eba10@example.com,61400000001,12/08/1990,22/11/2019,Platinum,45000,Bellagio,Bellagio,26/06/2024,en-US,CA,800,,03/08/2024,04/08/2024
1003,Jake,Tucker,xumulac_uwa19@example.com,61400000002,14/03/1982,19/05/2018,Bronze,346,Venetian,Venetian,24/06/2024,en-US,FL,200,,03/08/2024,04/08/2024
1004,Molly,Marshall,rinozu_riwe91@example.com,61400000003,08/09/1995,11/03/2021,Diamond,3543,MGM Grand,Aria,23/06/2024,en-US,TX,1000,,03/08/2024,04/08/2024
1005,Katherine,Lambert,fihow_anete41@example.com,61400000004,30/12/1978,25/07/2017,Silver,700,Aria,MGM Grand,22/06/2024,en-US,NV,300,,03/08/2024,04/08/2024
1006,Stephanie,Hughes,zijociv_uzo74@example.com,61400000005,22/01/1987,14/09/2020,Gold,1500,Caesars Palace,Caesars Palace,21/06/2024,en-US,AZ,600,,03/08/2024,04/08/2024
1007,Jake,Churchill,jezuz-ukaye81@example.com,61400000006,18/11/1992,05/06/2019,Silver,840,Aria,Aria,20/06/2024,en-US,CA,350,,03/08/2024,04/08/2024
1008,Matt,Payne,vobasun-awu18@example.com,61400000007,07/02/1983,01/08/2021,Diamond,4679,Bellagio,Bellagio,19/06/2024,en-US,NV,1100,,03/08/2024,04/08/2024
1009,James,Lyman,tepo-rimidu74@example.com,61400000008,15/04/1979,10/12/2016,Gold,3241,MGM Grand,Bellagio,18/06/2024,en-US,TX,700,,03/08/2024,04/08/2024
1010,Lillian,Hodges,vetur_ubeno41@example.com,61400000009,25/05/1981,08/04/2018,Platinum,1231,Casino Royale,Caesars Palace,17/06/2024,en-US,FL,850,,03/08/2024,04/08/2024
1011,Sam,Mills,bixe-tohuci14@example.com,61400000010,23/04/1985,10/01/2024,Gold,45000,Casino Royale,Casino Royale,25/06/2024,en-US,NV,817,,03/08/2024,04/08/2024
1012,Emma,Watson,mecon_arono7@example.com,61400000011,12/08/1990,15/05/2024,Platinum,346,Bellagio,Bellagio,26/06/2024,en-US,CA,849,,03/08/2024,04/08/2024
1013,Molly,Ball,kugok_atowe37@example.com,61400000012,14/03/1982,15/01/2020,Bronze,3543,Venetian,Venetian,24/06/2024,en-US,FL,881,,03/08/2024,04/08/2024
1014,Leonard,Davidson,ravasic_ewi61@example.com,61400000013,08/09/1995,22/11/2019,Diamond,700,MGM Grand,Aria,23/06/2024,en-US,TX,913,,03/08/2024,04/08/2024
1015,Owen,Thomson,jasam_ubuci54@example.com,61400000014,30/12/1978,19/05/2018,Silver,561,Aria,MGM Grand,22/06/2024,en-US,NV,945,,03/08/2024,04/08/2024
1016,Adam,Springer,fugu-nukebu70@example.com,61400000015,22/01/1987,11/03/2021,Gold,840,Caesars Palace,Caesars Palace,21/06/2024,en-US,AZ,977,,03/08/2024,04/08/2024
1017,Frank,Paige,vocofi_tasa6@example.com,61400000016,18/11/1992,25/07/2017,Silver,4679,Aria,Aria,20/06/2024,en-US,CA,1009,,03/08/2024,04/08/2024
1018,Tim,Hart,jotumez_eye59@example.com,61400000017,07/02/1983,14/09/2020,Diamond,3241,Bellagio,Bellagio,19/06/2024,en-US,NV,1042,,03/08/2024,04/08/2024
1019,Julia,Hemmings,tug-acopamu28@example.com,61400000018,15/04/1979,05/06/2019,Gold,15000,MGM Grand,Bellagio,18/06/2024,en-US,TX,1074,,03/08/2024,04/08/2024
1020,Sebastian,Abraham,jesum-ucuxa87@example.com,61400000019,25/05/1981,01/08/2021,Platinum,59533,Casino Royale,Caesars Palace,17/06/2024,en-US,FL,1106,,03/08/2024,04/08/2024
1021,Jan,McLean,moyenun_ujo12@example.com,61400000020,23/04/1985,10/12/2016,Gold,61267,Casino Royale,Casino Royale,25/06/2024,en-US,NV,1138,,03/08/2024,04/08/2024
1022,Alexandra,Chapman,xuvapa-numi69@example.com,61400000021,12/08/1990,08/04/2018,Platinum,45662,Bellagio,Bellagio,26/06/2024,en-US,CA,1170,,03/08/2024,04/08/2024
1023,Angela,Hemmings,dep_oxuyimi24@example.com,61400000022,14/03/1982,10/01/2024,Bronze,75,Venetian,Venetian,24/06/2024,en-US,FL,1202,,03/08/2024,04/08/2024
1024,Caroline,Forsyth,hekebi-bowa66@example.com,61400000023,08/09/1995,15/05/2024,Diamond,45000,MGM Grand,Aria,23/06/2024,en-US,TX,1234,,03/08/2024,04/08/2024
1025,Piers,Henderson,corawer-epo11@example.com,61400000024,30/12/1978,15/01/2020,Silver,5000,Aria,MGM Grand,22/06/2024,en-US,NV,1266,,03/08/2024,04/08/2024
1026,Warren,Piper,penig_ewoco33@example.com,61400000025,22/01/1987,22/11/2019,Gold,65000,Caesars Palace,Caesars Palace,21/06/2024,en-US,AZ,1298,,03/08/2024,04/08/2024
1027,Madeleine,Forsyth,nuhepe-jowa97@example.com,61400000026,18/11/1992,19/05/2018,Silver,15000,Aria,Aria,20/06/2024,en-US,CA,1331,,03/08/2024,04/08/2024
1028,Wendy,Gill,duzuf_ubopu84@example.com,61400000027,07/02/1983,11/03/2021,Diamond,28000,Bellagio,Bellagio,19/06/2024,en-US,NV,1363,,03/08/2024,04/08/2024
1029,Hannah,Wallace,cidanup_eya47@example.com,61400000028,15/04/1979,25/07/2017,Gold,25000,MGM Grand,Bellagio,18/06/2024,en-US,TX,1395,,03/08/2024,04/08/2024
1030,Jake,Wilson,gehihiw_uve67@example.com,61400000029,25/05/1981,14/09/2020,Platinum,45000,Casino Royale,Caesars Palace,17/06/2024,en-US,FL,1427,,03/08/2024,04/08/2024
1031,Eric,James,xulatob-epi46@example.com,61400000030,23/04/1985,05/06/2019,Gold,5000,Casino Royale,Casino Royale,25/06/2024,en-US,NV,1459,,03/08/2024,04/08/2024
1032,Oliver,Dickens,jafag_udeco39@example.com,61400000031,12/08/1990,01/08/2021,Platinum,65000,Bellagio,Bellagio,26/06/2024,en-US,CA,1491,,03/08/2024,04/08/2024
1033,Penelope,Powell,towese-lusu76@example.com,61400000032,14/03/1982,10/12/2016,Bronze,480,Venetian,Venetian,24/06/2024,en-US,FL,1523,,03/08/2024,04/08/2024
1034,Grace,Brown,tisaker_are70@example.com,61400000033,08/09/1995,08/04/2018,Diamond,45667,MGM Grand,Aria,23/06/2024,en-US,TX,1555,,03/08/2024,04/08/2024
1035,Jonathan,Jackson,cajazi-ziva95@example.com,61400000034,30/12/1978,10/01/2024,Silver,47400,Aria,MGM Grand,22/06/2024,en-US,NV,1588,,03/08/2024,04/08/2024
1036,Julia,Parr,jitaw_odihu97@example.com,61400000035,22/01/1987,15/05/2024,Gold,49133,Caesars Palace,Caesars Palace,21/06/2024,en-US,AZ,1620,,03/08/2024,04/08/2024
1037,Nicola,Wilkins,lelis_alare96@example.com,61400000036,18/11/1992,15/01/2020,Silver,25000,Aria,Aria,20/06/2024,en-US,CA,1652,,03/08/2024,04/08/2024
1038,Dominic,Bell,macajeh_imu47@example.com,61400000037,07/02/1983,22/11/2019,Diamond,45000,Bellagio,Bellagio,19/06/2024,en-US,NV,1684,,03/08/2024,04/08/2024
1039,Anne,Parsons,siyunoj_apu13@example.com,61400000038,15/04/1979,19/05/2018,Gold,5000,MGM Grand,Bellagio,18/06/2024,en-US,TX,1716,,03/08/2024,04/08/2024
1040,Carl,Anderson,desa-dijohu2@example.com,61400000039,25/05/1981,11/03/2021,Platinum,65000,Casino Royale,Caesars Palace,17/06/2024,en-US,FL,1748,,03/08/2024,04/08/2024
1041,Jacob,Mathis,tohugoz_ara6@example.com,61400000040,23/04/1985,25/07/2017,Gold,15000,Casino Royale,Casino Royale,25/06/2024,en-US,NV,1780,,03/08/2024,04/08/2024
1042,Madeleine,Mackay,cafuwac_exi41@example.com,61400000041,12/08/1990,14/09/2020,Platinum,1231,Bellagio,Bellagio,26/06/2024,en-US,CA,1812,,03/08/2024,04/08/2024
1043,Ava,Graham,coj_ipiziya95@example.com,61400000042,14/03/1982,05/06/2019,Bronze,45000,Venetian,Venetian,24/06/2024,en-US,FL,1845,,03/08/2024,04/08/2024
1044,Alison,Scott,xep-elizizo44@example.com,61400000043,08/09/1995,01/08/2021,Diamond,346,MGM Grand,Aria,23/06/2024,en-US,TX,1877,,03/08/2024,04/08/2024
1045,Leah,Reid,laze-xayore22@example.com,61400000044,30/12/1978,10/12/2016,Silver,3543,Aria,MGM Grand,22/06/2024,en-US,NV,1909,,03/08/2024,04/08/2024
1046,Jonathan,Terry,cobizu-vozi68@example.com,61400000045,22/01/1987,08/04/2018,Gold,700,Caesars Palace,Caesars Palace,21/06/2024,en-US,AZ,1941,,03/08/2024,04/08/2024
1047,Lillian,Welch,zeli_vohupo29@example.com,61400000046,18/11/1992,10/01/2024,Silver,1500,Aria,Aria,20/06/2024,en-US,CA,1973,,03/08/2024,04/08/2024
1048,Karen,Mathis,guwob_acopi37@example.com,61400000047,07/02/1983,15/05/2024,Diamond,840,Bellagio,Bellagio,19/06/2024,en-US,NV,2005,,03/08/2024,04/08/2024
1049,Sonia,Ogden,mex_osabika26@example.com,61400000048,15/04/1979,15/01/2020,Gold,4679,MGM Grand,Bellagio,18/06/2024,en-US,TX,2037,,03/08/2024,04/08/2024
1050,Kylie,Sanderson,nozese-hize41@example.com,61400000049,25/05/1981,22/11/2019,Platinum,3241,Casino Royale,Caesars Palace,17/06/2024,en-US,FL,2069,,03/08/2024,04/08/2024
1051,Lily,Hudson,vaw_esakowe81@example.com,61400000050,23/04/1985,19/05/2018,Gold,1231,Casino Royale,Casino Royale,25/06/2024,en-US,NV,2102,,03/08/2024,04/08/2024
1052,Frank,Nash,kuca_peduli51@example.com,61400000051,12/08/1990,11/03/2021,Platinum,45000,Bellagio,Bellagio,26/06/2024,en-US,CA,2134,,03/08/2024,04/08/2024
1053,Michael,Fraser,nepuz-aguhe4@example.com,61400000052,14/03/1982,25/07/2017,Bronze,346,Venetian,Venetian,24/06/2024,en-US,FL,2166,,03/08/2024,04/08/2024
1054,Carol,Murray,dene-duviwi83@example.com,61400000053,08/09/1995,14/09/2020,Diamond,3543,MGM Grand,Aria,23/06/2024,en-US,TX,2198,,03/08/2024,04/08/2024
1055,Olivia,Randall,koli_nujuma29@example.com,61400000054,30/12/1978,05/06/2019,Silver,700,Aria,MGM Grand,22/06/2024,en-US,NV,2230,,03/08/2024,04/08/2024
1056,Nathan,Newman,lis-afajihe87@example.com,61400000055,22/01/1987,01/08/2021,Gold,561,Caesars Palace,Caesars Palace,21/06/2024,en-US,AZ,2262,,03/08/2024,04/08/2024
1057,Deirdre,Lambert,cotego_hogi57@example.com,61400000056,18/11/1992,10/12/2016,Silver,840,Aria,Aria,20/06/2024,en-US,CA,2294,,03/08/2024,04/08/2024
1058,Sarah,Grant,lafiz_axedu74@example.com,61400000057,07/02/1983,08/04/2018,Diamond,4679,Bellagio,Bellagio,19/06/2024,en-US,NV,2326,,03/08/2024,04/08/2024
1059,Luke,Mills,wuh_atizoni7@example.com,61400000058,15/04/1979,10/01/2024,Gold,25000,MGM Grand,Bellagio,18/06/2024,en-US,TX,2358,,03/08/2024,04/08/2024
1060,Sue,Robertson,wuvexim_oye19@example.com,61400000059,25/05/1981,15/05/2024,Platinum,45000,Casino Royale,Caesars Palace,17/06/2024,en-US,FL,2391,,03/08/2024,04/08/2024
1061,Michelle,Pullman,demoh_ozafe68@example.com,61400000060,23/04/1985,15/01/2020,Gold,5000,Casino Royale,Casino Royale,25/06/2024,en-US,NV,2423,,03/08/2024,04/08/2024
1062,Steven,Martin,cumeri_riyu5@example.com,61400000061,12/08/1990,22/11/2019,Platinum,65000,Bellagio,Bellagio,26/06/2024,en-US,CA,2455,,03/08/2024,04/08/2024
1063,Stephen,Roberts,jey_ipasega1@example.com,61400000062,14/03/1982,19/05/2018,Bronze,420,Venetian,Venetian,24/06/2024,en-US,FL,2487,,03/08/2024,04/08/2024
1064,Anthony,Oliver,mawa-buduja82@example.com,61400000063,08/09/1995,11/03/2021,Diamond,59533,MGM Grand,Aria,23/06/2024,en-US,TX,2519,,03/08/2024,04/08/2024
1065,Lisa,Lambert,mezu-fivoso57@example.com,61400000064,30/12/1978,25/07/2017,Silver,61267,Aria,MGM Grand,22/06/2024,en-US,NV,2551,,03/08/2024,04/08/2024
1066,Jasmine,Campbell,jirabix-otu25@example.com,61400000065,22/01/1987,14/09/2020,Gold,84310,Caesars Palace,Caesars Palace,21/06/2024,en-US,AZ,2583,,03/08/2024,04/08/2024
1067,Audrey,Sanderson,jago-ruraxu87@example.com,61400000066,18/11/1992,05/06/2019,Silver,85188,Aria,Aria,20/06/2024,en-US,CA,2615,,03/08/2024,04/08/2024
1068,Frank,Duncan,vigozo_juko72@example.com,61400000067,07/02/1983,01/08/2021,Diamond,86066,Bellagio,Bellagio,19/06/2024,en-US,NV,2648,,03/08/2024,04/08/2024
1069,Samantha,Fraser,hek_owagude82@example.com,61400000068,15/04/1979,10/12/2016,Gold,86945,MGM Grand,Bellagio,18/06/2024,en-US,TX,2680,,03/08/2024,04/08/2024
1070,Jake,McGrath,xugadod-ubu84@example.com,61400000069,25/05/1981,08/04/2018,Platinum,25000,Casino Royale,Caesars Palace,17/06/2024,en-US,FL,2712,,03/08/2024,04/08/2024
1071,Gavin,Kelly,hov_imunobi34@example.com,61400000070,23/04/1985,10/01/2024,Gold,45000,Casino Royale,Casino Royale,25/06/2024,en-US,NV,2744,,03/08/2024,04/08/2024
1072,Adam,Abraham,pev_ohirulo23@example.com,61400000071,12/08/1990,15/05/2024,Platinum,5000,Bellagio,Bellagio,26/06/2024,en-US,CA,2776,,03/08/2024,04/08/2024
1073,Dominic,Powell,tozut_osijo92@example.com,61400000072,14/03/1982,15/01/2020,Bronze,160,Venetian,Venetian,24/06/2024,en-US,FL,2808,,03/08/2024,04/08/2024
1074,Carolyn,Terry,guba_hasiyi95@example.com,61400000073,08/09/1995,22/11/2019,Diamond,15000,MGM Grand,Aria,23/06/2024,en-US,TX,2840,,03/08/2024,04/08/2024
1075,Lily,Henderson,cehowa_niyi71@example.com,61400000074,30/12/1978,19/05/2018,Silver,28000,Aria,MGM Grand,22/06/2024,en-US,NV,2872,,03/08/2024,04/08/2024
1076,Blake,Nolan,lesen_uzaxu87@example.com,61400000075,22/01/1987,11/03/2021,Gold,25000,Caesars Palace,Caesars Palace,21/06/2024,en-US,AZ,2905,,03/08/2024,04/08/2024
1077,Faith,Glover,dano-dotoje11@example.com,61400000076,18/11/1992,25/07/2017,Silver,1231,Aria,Aria,20/06/2024,en-US,CA,2937,,03/08/2024,04/08/2024
1078,Alexander,Russell,yahe-sebayi51@example.com,61400000077,07/02/1983,14/09/2020,Diamond,45000,Bellagio,Bellagio,19/06/2024,en-US,NV,2969,,03/08/2024,04/08/2024
1079,Peter,Hart,zem_ohazine1@example.com,61400000078,15/04/1979,05/06/2019,Gold,346,MGM Grand,Bellagio,18/06/2024,en-US,TX,3001,,03/08/2024,04/08/2024
1080,Dylan,McLean,wucor_isowe68@example.com,61400000079,25/05/1981,01/08/2021,Platinum,3543,Casino Royale,Caesars Palace,17/06/2024,en-US,FL,3033,,03/08/2024,04/08/2024
1081,David,James,hahelu-faja84@example.com,61400000080,23/04/1985,10/12/2016,Gold,700,Casino Royale,Casino Royale,25/06/2024,en-US,NV,3065,,03/08/2024,04/08/2024
1082,Connor,Allan,hijocu-tevu68@example.com,61400000081,12/08/1990,08/04/2018,Platinum,1500,Bellagio,Bellagio,26/06/2024,en-US,CA,3097,,03/08/2024,04/08/2024
1083,Olivia,Lyman,fiz-ojesibu51@example.com,61400000082,14/03/1982,10/01/2024,Bronze,840,Venetian,Venetian,24/06/2024,en-US,FL,3129,,03/08/2024,04/08/2024
1084,Rachel,Anderson,sefac_ewuce45@example.com,61400000083,08/09/1995,15/05/2024,Diamond,4679,MGM Grand,Aria,23/06/2024,en-US,TX,3162,,03/08/2024,04/08/2024
1085,Virginia,Bailey,luxa_zupemi61@example.com,61400000084,30/12/1978,15/01/2020,Silver,3241,Aria,MGM Grand,22/06/2024,en-US,NV,3194,,03/08/2024,04/08/2024
1086,Blake,Turner,matace_mezo9@example.com,61400000085,22/01/1987,22/11/2019,Gold,1231,Caesars Palace,Caesars Palace,21/06/2024,en-US,AZ,3226,,03/08/2024,04/08/2024
1087,Michael,Sanderson,moc_ewapuze55@example.com,61400000086,18/11/1992,19/05/2018,Silver,45000,Aria,Aria,20/06/2024,en-US,CA,3258,,03/08/2024,04/08/2024
1088,Melanie,Gibson,foxuta_hedu50@example.com,61400000087,07/02/1983,11/03/2021,Diamond,346,Bellagio,Bellagio,19/06/2024,en-US,NV,3290,,03/08/2024,04/08/2024
1089,Stephen,Ellison,yosuli_vasa32@example.com,61400000088,15/04/1979,25/07/2017,Gold,3543,MGM Grand,Bellagio,18/06/2024,en-US,TX,3322,,03/08/2024,04/08/2024
1090,Katherine,Hemmings,hak-amofuya49@example.com,61400000089,25/05/1981,14/09/2020,Platinum,700,Casino Royale,Caesars Palace,17/06/2024,en-US,FL,3354,,03/08/2024,04/08/2024
1091,Ruth,White,sevow_oxewo20@example.com,61400000090,23/04/1985,05/06/2019,Gold,561,Casino Royale,Casino Royale,25/06/2024,en-US,NV,3386,,03/08/2024,04/08/2024
1092,Kevin,Brown,cawoye-xere61@example.com,61400000091,12/08/1990,01/08/2021,Platinum,840,Bellagio,Bellagio,26/06/2024,en-US,CA,3418,,03/08/2024,04/08/2024
1093,Jane,Burgess,yusoh_uyahu15@example.com,61400000092,14/03/1982,10/12/2016,Bronze,4679,Venetian,Venetian,24/06/2024,en-US,FL,3451,,03/08/2024,04/08/2024
1094,Justin,Roberts,hinewo_ruya24@example.com,61400000093,08/09/1995,08/04/2018,Diamond,25000,MGM Grand,Aria,23/06/2024,en-US,TX,3483,,03/08/2024,04/08/2024
1095,Adrian,Howard,meyipog-uxe32@example.com,61400000094,30/12/1978,10/01/2024,Silver,45000,Aria,MGM Grand,22/06/2024,en-US,NV,3515,,03/08/2024,04/08/2024
1096,Frank,May,tuy-utibuti19@example.com,61400000095,22/01/1987,15/05/2024,Gold,5000,Caesars Palace,Caesars Palace,21/06/2024,en-US,AZ,3547,,03/08/2024,04/08/2024
1097,Diane,Alsop,nojozi_biyi10@example.com,61400000096,18/11/1992,15/01/2020,Silver,65000,Aria,Aria,20/06/2024,en-US,CA,3579,,03/08/2024,04/08/2024
1098,Grace,Nash,lirihez-uto41@example.com,61400000097,07/02/1983,22/11/2019,Diamond,15000,Bellagio,Bellagio,19/06/2024,en-US,NV,3611,,03/08/2024,04/08/2024
1099,Dan,Langdon,wuri_pixezo52@example.com,61400000098,15/04/1979,19/05/2018,Gold,28000,MGM Grand,Bellagio,18/06/2024,en-US,TX,3643,,03/08/2024,04/08/2024
1100,Amy,Terry,dire_cobiru38@example.com,61400000099,25/05/1981,11/03/2021,Platinum,25000,Casino Royale,Caesars Palace,17/06/2024,en-US,FL,3675,,03/08/2024,04/08/2024
1101,Anthony,Vance,naruto_kipa34@example.com,61400000100,23/04/1985,25/07/2017,Gold,45000,Casino Royale,Casino Royale,25/06/2024,en-US,NV,3708,,03/08/2024,04/08/2024
1102,Jane,Taylor,gomow_ikujo65@example.com,61400000101,12/08/1990,14/09/2020,Platinum,5000,Bellagio,Bellagio,26/06/2024,en-US,CA,3740,,03/08/2024,04/08/2024
1103,Maria,Fisher,dadip_uhida61@example.com,61400000102,14/03/1982,05/06/2019,Bronze,11,Venetian,Venetian,24/06/2024,en-US,FL,3772,,03/08/2024,04/08/2024
1104,Jason,Smith,haguke-lawu33@example.com,61400000103,08/09/1995,01/08/2021,Diamond,15000,MGM Grand,Aria,23/06/2024,en-US,TX,3804,,03/08/2024,04/08/2024
1105,Nathan,Cameron,hobu-diwiro4@example.com,61400000104,30/12/1978,10/12/2016,Silver,45667,Aria,MGM Grand,22/06/2024,en-US,NV,3836,,03/08/2024,04/08/2024
1106,Tracey,Wilkins,cuxa-vewuta68@example.com,61400000105,22/01/1987,08/04/2018,Gold,47400,Caesars Palace,Caesars Palace,21/06/2024,en-US,AZ,3868,,03/08/2024,04/08/2024
1107,Chloe,Burgess,xewavax-eki53@example.com,61400000106,18/11/1992,10/01/2024,Silver,49133,Aria,Aria,20/06/2024,en-US,CA,3900,,03/08/2024,04/08/2024
1108,Heather,Carr,webel_itufi14@example.com,61400000107,07/02/1983,15/05/2024,Diamond,25000,Bellagio,Bellagio,19/06/2024,en-US,NV,3932,,03/08/2024,04/08/2024
1109,Bella,Davidson,buzomuj-awu16@example.com,61400000108,15/04/1979,15/01/2020,Gold,45000,MGM Grand,Bellagio,18/06/2024,en-US,TX,3965,,03/08/2024,04/08/2024
1110,Evan,Springer,yab_ayuhato30@example.com,61400000109,25/05/1981,22/11/2019,Platinum,5000,Casino Royale,Caesars Palace,17/06/2024,en-US,FL,3997,,03/08/2024,04/08/2024
1111,Olivia,Stewart,xiwija-rimo63@example.com,61400000110,23/04/1985,19/05/2018,Gold,65000,Casino Royale,Casino Royale,25/06/2024,en-US,NV,4029,,03/08/2024,04/08/2024
1112,Mary,Campbell,wobayi-fowe16@example.com,61400000111,12/08/1990,11/03/2021,Platinum,15000,Bellagio,Bellagio,26/06/2024,en-US,CA,4061,,03/08/2024,04/08/2024
1113,Emily,Bailey,zad_asomito76@example.com,61400000112,14/03/1982,25/07/2017,Bronze,357,Venetian,Venetian,24/06/2024,en-US,FL,4093,,03/08/2024,04/08/2024
1114,Keith,James,xikoju_mifa87@example.com,61400000113,08/09/1995,14/09/2020,Diamond,61267,MGM Grand,Aria,23/06/2024,en-US,TX,4125,,03/08/2024,04/08/2024
1115,Sam,Alsop,zona-vupubo54@example.com,61400000114,30/12/1978,05/06/2019,Silver,45543,Aria,MGM Grand,22/06/2024,en-US,NV,4157,,03/08/2024,04/08/2024
1116,Warren,Tucker,niye-junolo67@example.com,61400000115,22/01/1987,01/08/2021,Gold,45640,Caesars Palace,Caesars Palace,21/06/2024,en-US,AZ,4189,,03/08/2024,04/08/2024
1117,Joan,Lee,kubif-iwoja16@example.com,61400000116,18/11/1992,10/12/2016,Silver,45737,Aria,Aria,20/06/2024,en-US,CA,4222,,03/08/2024,04/08/2024
1118,Thomas,Wright,zane_yuzocu90@example.com,61400000117,07/02/1983,08/04/2018,Diamond,45835,Bellagio,Bellagio,19/06/2024,en-US,NV,4254,,03/08/2024,04/08/2024
1119,Heather,Hill,fifoci-jaju60@example.com,61400000118,15/04/1979,10/01/2024,Gold,45932,MGM Grand,Bellagio,18/06/2024,en-US,TX,4286,,03/08/2024,04/08/2024
1120,Jasmine,Hunter,fekisuc_ake19@example.com,61400000119,25/05/1981,15/05/2024,Platinum,1231,Casino Royale,Caesars Palace,17/06/2024,en-US,FL,4318,,03/08/2024,04/08/2024
1121,John,Russell,fevuro-lije62@example.com,61400000120,23/04/1985,15/01/2020,Gold,45000,Casino Royale,Casino Royale,25/06/2024,en-US,NV,4350,,03/08/2024,04/08/2024
1122,Matt,Hart,sag-isohaza33@example.com,61400000121,12/08/1990,22/11/2019,Platinum,346,Bellagio,Bellagio,26/06/2024,en-US,CA,4382,,03/08/2024,04/08/2024
1123,Amy,Piper,wiz_exitutu94@example.com,61400000122,14/03/1982,19/05/2018,Bronze,3543,Venetian,Venetian,24/06/2024,en-US,FL,4414,,03/08/2024,04/08/2024
1124,Stewart,White,xufuno-poza76@example.com,61400000123,08/09/1995,11/03/2021,Diamond,700,MGM Grand,Aria,23/06/2024,en-US,TX,4446,,03/08/2024,04/08/2024
1125,Simon,Payne,xeku_puhuma43@example.com,61400000124,30/12/1978,25/07/2017,Silver,1500,Aria,MGM Grand,22/06/2024,en-US,NV,4478,,03/08/2024,04/08/2024
1126,John,Parr,noye-reniko24@example.com,61400000125,22/01/1987,14/09/2020,Gold,840,Caesars Palace,Caesars Palace,21/06/2024,en-US,AZ,4511,,03/08/2024,04/08/2024
1127,Caroline,Baker,dipo-himaga4@example.com,61400000126,18/11/1992,05/06/2019,Silver,4679,Aria,Aria,20/06/2024,en-US,CA,4543,,03/08/2024,04/08/2024
1128,Simon,Brown,tejow_oriho85@example.com,61400000127,07/02/1983,01/08/2021,Diamond,3241,Bellagio,Bellagio,19/06/2024,en-US,NV,4575,,03/08/2024,04/08/2024
1129,Grace,MacDonald,nubu-zunixu63@example.com,61400000128,15/04/1979,10/12/2016,Gold,1231,MGM Grand,Bellagio,18/06/2024,en-US,TX,4607,,03/08/2024,04/08/2024
1130,Rachel,Baker,leje_cevixi55@example.com,61400000129,25/05/1981,08/04/2018,Platinum,45000,Casino Royale,Caesars Palace,17/06/2024,en-US,FL,4639,,03/08/2024,04/08/2024
1131,Sebastian,Peake,novi-yoyiya26@example.com,61400000130,23/04/1985,10/01/2024,Gold,346,Casino Royale,Casino Royale,25/06/2024,en-US,NV,4671,,03/08/2024,04/08/2024
1132,Julia,Jackson,pofari-rika13@example.com,61400000131,12/08/1990,15/05/2024,Platinum,3543,Bellagio,Bellagio,26/06/2024,en-US,CA,4703,,03/08/2024,04/08/2024
1133,Nathan,Martin,nuhema_zose29@example.com,61400000132,14/03/1982,15/01/2020,Bronze,700,Venetian,Venetian,24/06/2024,en-US,FL,4735,,03/08/2024,04/08/2024
1134,Gordon,White,son_esovuce32@example.com,61400000133,08/09/1995,22/11/2019,Diamond,561,MGM Grand,Aria,23/06/2024,en-US,TX,4768,,03/08/2024,04/08/2024
1135,Jacob,Wilson,miver-unoji52@example.com,61400000134,30/12/1978,19/05/2018,Silver,840,Aria,MGM Grand,22/06/2024,en-US,NV,4800,,03/08/2024,04/08/2024
1136,Una,Russell,pubelac_azo80@example.com,61400000135,22/01/1987,11/03/2021,Gold,4679,Caesars Palace,Caesars Palace,21/06/2024,en-US,AZ,4832,,03/08/2024,04/08/2024
1137,Heather,Smith,savi-bijobu36@example.com,61400000136,18/11/1992,25/07/2017,Silver,47682,Aria,Aria,20/06/2024,en-US,CA,4864,,03/08/2024,04/08/2024
1138,Felicity,Ellison,yogani_vuli77@example.com,61400000137,07/02/1983,14/09/2020,Diamond,47779,Bellagio,Bellagio,19/06/2024,en-US,NV,4896,,03/08/2024,04/08/2024
1139,Theresa,Walker,saw-abelune66@example.com,61400000138,15/04/1979,05/06/2019,Gold,47876,MGM Grand,Bellagio,18/06/2024,en-US,TX,4928,,03/08/2024,04/08/2024
1140,Owen,Bailey,fukela-xijo84@example.com,61400000139,25/05/1981,01/08/2021,Platinum,47973,Casino Royale,Caesars Palace,17/06/2024,en-US,FL,4960,,03/08/2024,04/08/2024
1141,David,Black,jifogij-ovi63@example.com,61400000140,23/04/1985,10/12/2016,Gold,48071,Casino Royale,Casino Royale,25/06/2024,en-US,NV,4992,,03/08/2024,04/08/2024
1142,Jasmine,Berry,kimi-tohilu1@example.com,61400000141,12/08/1990,08/04/2018,Platinum,48168,Bellagio,Bellagio,26/06/2024,en-US,CA,5025,,03/08/2024,04/08/2024
1143,Thomas,Ince,fepasic-idi35@example.com,61400000142,14/03/1982,10/01/2024,Bronze,21,Venetian,Venetian,24/06/2024,en-US,FL,5057,,03/08/2024,04/08/2024
1144,Trevor,Lee,xehusav_ifa14@example.com,61400000143,08/09/1995,15/05/2024,Diamond,48362,MGM Grand,Aria,23/06/2024,en-US,TX,5089,,03/08/2024,04/08/2024
1145,Natalie,Nolan,cemocal-oro69@example.com,61400000144,30/12/1978,15/01/2020,Silver,1231,Aria,MGM Grand,22/06/2024,en-US,NV,5121,,03/08/2024,04/08/2024
1146,Bernadette,Lawrence,roxo_salizi28@example.com,61400000145,22/01/1987,22/11/2019,Gold,45000,Caesars Palace,Caesars Palace,21/06/2024,en-US,AZ,5153,,03/08/2024,04/08/2024
1147,Tim,Greene,lab-axiyeru21@example.com,61400000146,18/11/1992,19/05/2018,Silver,346,Aria,Aria,20/06/2024,en-US,CA,5185,,03/08/2024,04/08/2024
1148,Sean,Wilson,hovodil_usi10@example.com,61400000147,07/02/1983,11/03/2021,Diamond,3543,Bellagio,Bellagio,19/06/2024,en-US,NV,5217,,03/08/2024,04/08/2024
1149,Joan,Coleman,pogolix_ace56@example.com,61400000148,15/04/1979,25/07/2017,Gold,700,MGM Grand,Bellagio,18/06/2024,en-US,TX,5249,,03/08/2024,04/08/2024
1150,Penelope,Sharp,kunidit_uli54@example.com,61400000149,25/05/1981,14/09/2020,Platinum,1500,Casino Royale,Caesars Palace,17/06/2024,en-US,FL,5282,,03/08/2024,04/08/2024
1151,Harry,Ellison,zidi_wiyabe79@example.com,61400000150,23/04/1985,05/06/2019,Gold,840,Casino Royale,Casino Royale,25/06/2024,en-US,NV,5314,,03/08/2024,04/08/2024
1152,Hannah,Dowd,hupeb_ixaso67@example.com,61400000151,12/08/1990,01/08/2021,Platinum,4679,Bellagio,Bellagio,26/06/2024,en-US,CA,5346,,03/08/2024,04/08/2024
1153,Paul,Dowd,hafukec-acu3@example.com,61400000152,14/03/1982,10/12/2016,Bronze,3241,Venetian,Venetian,24/06/2024,en-US,FL,5378,,03/08/2024,04/08/2024
1154,Ruth,Pullman,wucaz_ufoki66@example.com,61400000153,08/09/1995,08/04/2018,Diamond,1231,MGM Grand,Aria,23/06/2024,en-US,TX,5410,,03/08/2024,04/08/2024
1155,Jacob,Cornish,gicit-iluho22@example.com,61400000154,30/12/1978,10/01/2024,Silver,45000,Aria,MGM Grand,22/06/2024,en-US,NV,5442,,03/08/2024,04/08/2024
1156,Olivia,Blake,xidoj-adiso32@example.com,61400000155,22/01/1987,15/05/2024,Gold,346,Caesars Palace,Caesars Palace,21/06/2024,en-US,AZ,5474,,03/08/2024,04/08/2024
1157,Colin,Baker,yecahu-govo99@example.com,61400000156,18/11/1992,15/01/2020,Silver,3543,Aria,Aria,20/06/2024,en-US,CA,5506,,03/08/2024,04/08/2024
1158,Robert,Davidson,doba_codiyu34@example.com,61400000157,07/02/1983,22/11/2019,Diamond,700,Bellagio,Bellagio,19/06/2024,en-US,NV,5538,,03/08/2024,04/08/2024
1159,Robert,North,but-evifixi41@example.com,61400000158,15/04/1979,19/05/2018,Gold,561,MGM Grand,Bellagio,18/06/2024,en-US,TX,5571,,03/08/2024,04/08/2024
1160,Alan,Martin,jurix-ivubo43@example.com,61400000159,25/05/1981,11/03/2021,Platinum,840,Casino Royale,Caesars Palace,17/06/2024,en-US,FL,5603,,03/08/2024,04/08/2024
1161,Olivia,Wright,vuco-voredu76@example.com,61400000160,23/04/1985,25/07/2017,Gold,4679,Casino Royale,Casino Royale,25/06/2024,en-US,NV,5635,,03/08/2024,04/08/2024
1162,Christian,Sutherland,dep-uxakaca81@example.com,61400000161,12/08/1990,14/09/2020,Platinum,50112,Bellagio,Bellagio,26/06/2024,en-US,CA,5667,,03/08/2024,04/08/2024
1163,Thomas,Sutherland,napet_ikida88@example.com,61400000162,14/03/1982,05/06/2019,Bronze,54,Venetian,Venetian,24/06/2024,en-US,FL,5699,,03/08/2024,04/08/2024
1164,Julia,Lee,mez_icomiri83@example.com,61400000163,08/09/1995,01/08/2021,Diamond,50307,MGM Grand,Aria,23/06/2024,en-US,TX,5731,,03/08/2024,04/08/2024
1165,Stephen,Piper,tuto-fobavi75@example.com,61400000164,30/12/1978,10/12/2016,Silver,50404,Aria,MGM Grand,22/06/2024,en-US,NV,5763,,03/08/2024,04/08/2024
1166,Faith,Russell,lazo-wesula90@example.com,61400000165,22/01/1987,08/04/2018,Gold,50501,Caesars Palace,Caesars Palace,21/06/2024,en-US,AZ,5795,,03/08/2024,04/08/2024
1167,Christian,Lawrence,tif-ajoyozo14@example.com,61400000166,18/11/1992,10/01/2024,Silver,1231,Aria,Aria,20/06/2024,en-US,CA,5828,,03/08/2024,04/08/2024
1168,Michelle,Bailey,wijunis-ujo77@example.com,61400000167,07/02/1983,15/05/2024,Diamond,45000,Bellagio,Bellagio,19/06/2024,en-US,NV,5860,,03/08/2024,04/08/2024
1169,Boris,Wright,capax_odake15@example.com,61400000168,15/04/1979,15/01/2020,Gold,346,MGM Grand,Bellagio,18/06/2024,en-US,TX,5892,,03/08/2024,04/08/2024
1170,Benjamin,Campbell,zoheyor-utu33@example.com,61400000169,25/05/1981,22/11/2019,Platinum,3543,Casino Royale,Caesars Palace,17/06/2024,en-US,FL,5924,,03/08/2024,04/08/2024
1171,Max,Carr,celiw_ejego12@example.com,61400000170,23/04/1985,19/05/2018,Gold,700,Casino Royale,Casino Royale,25/06/2024,en-US,NV,5956,,03/08/2024,04/08/2024
1172,Yvonne,Bell,vavecaj_uca37@example.com,61400000171,12/08/1990,11/03/2021,Platinum,1500,Bellagio,Bellagio,26/06/2024,en-US,CA,5988,,03/08/2024,04/08/2024
1173,Theresa,Mathis,poye-dajevi4@example.com,61400000172,14/03/1982,25/07/2017,Bronze,840,Venetian,Venetian,24/06/2024,en-US,FL,6020,,03/08/2024,04/08/2024
1174,Joanne,Hunter,gosacu-tihu30@example.com,61400000173,08/09/1995,14/09/2020,Diamond,4679,MGM Grand,Aria,23/06/2024,en-US,TX,6052,,03/08/2024,04/08/2024
1175,Sebastian,Roberts,gezure_jezi72@example.com,61400000174,30/12/1978,05/06/2019,Silver,3241,Aria,MGM Grand,22/06/2024,en-US,NV,6085,,03/08/2024,04/08/2024
1176,Kimberly,Sanderson,ruf_azegaha56@example.com,61400000175,22/01/1987,01/08/2021,Gold,1231,Caesars Palace,Caesars Palace,21/06/2024,en-US,AZ,6117,,03/08/2024,04/08/2024
1177,Carl,Grant,wuxe_wuwixe84@example.com,61400000176,18/11/1992,10/12/2016,Silver,45000,Aria,Aria,20/06/2024,en-US,CA,6149,,03/08/2024,04/08/2024
1178,Lillian,Parr,fokoc-ivubi86@example.com,61400000177,07/02/1983,08/04/2018,Diamond,346,Bellagio,Bellagio,19/06/2024,en-US,NV,6181,,03/08/2024,04/08/2024
1179,Wanda,Peake,mamey-ibico4@example.com,61400000178,15/04/1979,10/01/2024,Gold,3543,MGM Grand,Bellagio,18/06/2024,en-US,TX,6213,,03/08/2024,04/08/2024
1180,Christian,Wright,vujalu_huba30@example.com,61400000179,25/05/1981,15/05/2024,Platinum,700,Casino Royale,Caesars Palace,17/06/2024,en-US,FL,6245,,03/08/2024,04/08/2024
1181,Caroline,Powell,lef-obuwafe1@example.com,61400000180,23/04/1985,15/01/2020,Gold,561,Casino Royale,Casino Royale,25/06/2024,en-US,NV,6277,,03/08/2024,04/08/2024
1182,Maria,Hudson,zafipa-gega44@example.com,61400000181,12/08/1990,22/11/2019,Platinum,840,Bellagio,Bellagio,26/06/2024,en-US,CA,6309,,03/08/2024,04/08/2024
1183,Amy,Grant,ceyowol_ogi75@example.com,61400000182,14/03/1982,19/05/2018,Bronze,4679,Venetian,Venetian,24/06/2024,en-US,FL,6342,,03/08/2024,04/08/2024
1184,Robert,Wallace,zuze_macofa28@example.com,61400000183,08/09/1995,11/03/2021,Diamond,52251,MGM Grand,Aria,23/06/2024,en-US,TX,6374,,03/08/2024,04/08/2024
1185,Harry,Miller,tek-eyifede20@example.com,61400000184,30/12/1978,25/07/2017,Silver,52348,Aria,MGM Grand,22/06/2024,en-US,NV,6406,,03/08/2024,04/08/2024
1186,Lauren,Allan,wok_ejilara66@example.com,61400000185,22/01/1987,14/09/2020,Gold,52446,Caesars Palace,Caesars Palace,21/06/2024,en-US,AZ,6438,,03/08/2024,04/08/2024
1187,Sam,Poole,rarofe_yako38@example.com,61400000186,18/11/1992,05/06/2019,Silver,52543,Aria,Aria,20/06/2024,en-US,CA,6470,,03/08/2024,04/08/2024
1188,Sebastian,Cornish,bekal-orowa8@example.com,61400000187,07/02/1983,01/08/2021,Diamond,345,Bellagio,Bellagio,19/06/2024,en-US,NV,6502,,03/08/2024,04/08/2024
1189,Nathan,Robertson,tili_bugeta2@example.com,61400000188,15/04/1979,10/12/2016,Gold,52737,MGM Grand,Bellagio,18/06/2024,en-US,TX,6534,,03/08/2024,04/08/2024
1190,Lisa,Grant,bohey_efame71@example.com,61400000189,25/05/1981,08/04/2018,Platinum,52834,Casino Royale,Caesars Palace,17/06/2024,en-US,FL,6566,,03/08/2024,04/08/2024
1191,Isaac,Allan,xejefaf_aso10@example.com,61400000190,23/04/1985,10/01/2024,Gold,52932,Casino Royale,Casino Royale,25/06/2024,en-US,NV,6598,,03/08/2024,04/08/2024
1192,Brian,Berry,ruva-meniho14@example.com,61400000191,12/08/1990,15/05/2024,Platinum,53029,Bellagio,Bellagio,26/06/2024,en-US,CA,6631,,03/08/2024,04/08/2024
1193,Abigail,Miller,mayen_uxizu25@example.com,61400000192,14/03/1982,15/01/2020,Bronze,451,Venetian,Venetian,24/06/2024,en-US,FL,6663,,03/08/2024,04/08/2024
1194,David,McLean,yob_ovewowo24@example.com,61400000193,08/09/1995,22/11/2019,Diamond,53223,MGM Grand,Aria,23/06/2024,en-US,TX,6695,,03/08/2024,04/08/2024
1195,Irene,Hardacre,zezac-aruka4@example.com,61400000194,30/12/1978,19/05/2018,Silver,53321,Aria,MGM Grand,22/06/2024,en-US,NV,6727,,03/08/2024,04/08/2024
1196,Steven,Skinner,seri_sulare48@example.com,61400000195,22/01/1987,11/03/2021,Gold,644,Caesars Palace,Caesars Palace,21/06/2024,en-US,AZ,6759,,03/08/2024,04/08/2024
1197,Theresa,Bailey,toveku_wizu99@example.com,61400000196,18/11/1992,25/07/2017,Silver,343,Aria,Aria,20/06/2024,en-US,CA,6791,,03/08/2024,04/08/2024
1198,Lauren,Piper,luxe_zayuhe11@example.com,61400000197,07/02/1983,14/09/2020,Diamond,53612,Bellagio,Bellagio,19/06/2024,en-US,NV,6823,,03/08/2024,04/08/2024
1199,Ryan,Nolan,mare_nusafe3@example.com,61400000198,15/04/1979,05/06/2019,Gold,53709,MGM Grand,Bellagio,18/06/2024,en-US,TX,6855,,03/08/2024,04/08/2024
1200,Luke,Lawrence,faras-igosu61@example.com,61400000199,25/05/1981,01/08/2021,Platinum,34,Casino Royale,Caesars Palace,17/06/2024,en-US,FL,6888,,03/08/2024,04/08/2024
1201,Bernadette,Terry,mev_osexiza19@example.com,61400000200,23/04/1985,10/12/2016,Gold,53904,Casino Royale,Casino Royale,25/06/2024,en-US,NV,6920,,03/08/2024,04/08/2024
1202,Angela,Terry,monazuj-ava41@example.com,61400000201,12/08/1990,08/04/2018,Platinum,54001,Bellagio,Bellagio,26/06/2024,en-US,CA,6952,,03/08/2024,04/08/2024
1203,Stewart,Hemmings,kep-ipobepa21@example.com,61400000202,14/03/1982,10/01/2024,Bronze,331,Venetian,Venetian,24/06/2024,en-US,FL,6984,,03/08/2024,04/08/2024
1204,Carolyn,Duncan,wuxuyo-lobu74@example.com,61400000203,08/09/1995,15/05/2024,Diamond,346,MGM Grand,Aria,23/06/2024,en-US,TX,7016,,03/08/2024,04/08/2024
1205,Piers,McGrath,daziza-nica79@example.com,61400000204,30/12/1978,15/01/2020,Silver,54293,Aria,MGM Grand,22/06/2024,en-US,NV,7048,,03/08/2024,04/08/2024
1206,Sarah,Davies,cuseb-aparu55@example.com,61400000205,22/01/1987,22/11/2019,Gold,54390,Caesars Palace,Caesars Palace,21/06/2024,en-US,AZ,7080,,03/08/2024,04/08/2024
1207,Felicity,Gibson,fayera_becu74@example.com,61400000206,18/11/1992,19/05/2018,Silver,54487,Aria,Aria,20/06/2024,en-US,CA,7112,,03/08/2024,04/08/2024
1208,Anne,Hart,foj-uyayebi70@example.com,61400000207,07/02/1983,11/03/2021,Diamond,463,Bellagio,Bellagio,19/06/2024,en-US,NV,7145,,03/08/2024,04/08/2024
1209,Joe,Wilson,xucag-uzopi34@example.com,61400000208,15/04/1979,25/07/2017,Gold,54682,MGM Grand,Bellagio,18/06/2024,en-US,TX,7177,,03/08/2024,04/08/2024
1210,Julian,Howard,fis_aberiva49@example.com,61400000209,25/05/1981,14/09/2020,Platinum,463,Casino Royale,Caesars Palace,17/06/2024,en-US,FL,7209,,03/08/2024,04/08/2024
1211,Maria,Churchill,wozati_gami28@example.com,61400000210,23/04/1985,05/06/2019,Gold,54876,Casino Royale,Casino Royale,25/06/2024,en-US,NV,7241,,03/08/2024,04/08/2024
1212,Olivia,Smith,muto_xemete33@example.com,61400000211,12/08/1990,01/08/2021,Platinum,34012,Bellagio,Bellagio,26/06/2024,en-US,CA,7273,,03/08/2024,04/08/2024
1213,Maria,Baker,katet-uvovi85@example.com,61400000212,14/03/1982,10/12/2016,Bronze,34153,Venetian,Venetian,24/06/2024,en-US,FL,7305,,03/08/2024,04/08/2024
1214,Grace,Hart,fus_awefeya93@example.com,61400000213,08/09/1995,08/04/2018,Diamond,34294,MGM Grand,Aria,23/06/2024,en-US,TX,7337,,03/08/2024,04/08/2024
1215,Samantha,Dickens,dido-xefike84@example.com,61400000214,30/12/1978,10/01/2024,Silver,34435,Aria,MGM Grand,22/06/2024,en-US,NV,7369,,03/08/2024,04/08/2024
1216,Adam,Morgan,zateca-bono26@example.com,61400000215,22/01/1987,15/05/2024,Gold,34576,Caesars Palace,Caesars Palace,21/06/2024,en-US,AZ,7402,,03/08/2024,04/08/2024
1217,Luke,Howard,masac_aheka49@example.com,61400000216,18/11/1992,15/01/2020,Silver,34717,Aria,Aria,20/06/2024,en-US,CA,7434,,03/08/2024,04/08/2024
1218,Melanie,White,habe_pocala84@example.com,61400000217,07/02/1983,22/11/2019,Diamond,34858,Bellagio,Bellagio,19/06/2024,en-US,NV,7466,,03/08/2024,04/08/2024
1219,Warren,Glover,humin_aguku39@example.com,61400000218,15/04/1979,19/05/2018,Gold,34999,MGM Grand,Bellagio,18/06/2024,en-US,TX,7498,,03/08/2024,04/08/2024
1220,Joe,May,fonav_unuro68@example.com,61400000219,25/05/1981,11/03/2021,Platinum,35140,Casino Royale,Caesars Palace,17/06/2024,en-US,FL,7530,,03/08/2024,04/08/2024
1221,Victor,Mackenzie,pemebut-ite59@example.com,61400000220,23/04/1985,25/07/2017,Gold,35282,Casino Royale,Casino Royale,25/06/2024,en-US,NV,7562,,03/08/2024,04/08/2024
1222,Yvonne,Baker,hek_oyuwinu19@example.com,61400000221,12/08/1990,14/09/2020,Platinum,35423,Bellagio,Bellagio,26/06/2024,en-US,CA,7594,,03/08/2024,04/08/2024
1223,Stewart,Hill,muse-cinahe10@example.com,61400000222,14/03/1982,05/06/2019,Bronze,35564,Venetian,Venetian,24/06/2024,en-US,FL,7626,,03/08/2024,04/08/2024
1224,Hannah,Kelly,celo-wegala51@example.com,61400000223,08/09/1995,01/08/2021,Diamond,35705,MGM Grand,Aria,23/06/2024,en-US,TX,7658,,03/08/2024,04/08/2024
1225,Lily,McDonald,suneh-uhoku43@example.com,61400000224,30/12/1978,10/12/2016,Silver,35846,Aria,MGM Grand,22/06/2024,en-US,NV,7691,,03/08/2024,04/08/2024
1226,Heather,Marshall,cokuwer_exi81@example.com,61400000225,22/01/1987,08/04/2018,Gold,35987,Caesars Palace,Caesars Palace,21/06/2024,en-US,AZ,7723,,03/08/2024,04/08/2024
1227,Christian,Carr,taceg_otoji37@example.com,61400000226,18/11/1992,10/01/2024,Silver,36128,Aria,Aria,20/06/2024,en-US,CA,7755,,03/08/2024,04/08/2024
1228,Anne,Miller,gub-usoyija24@example.com,61400000227,07/02/1983,15/05/2024,Diamond,36269,Bellagio,Bellagio,19/06/2024,en-US,NV,7787,,03/08/2024,04/08/2024
1229,Kimberly,Terry,mur-osuveta95@example.com,61400000228,15/04/1979,15/01/2020,Gold,36410,MGM Grand,Bellagio,18/06/2024,en-US,TX,7819,,03/08/2024,04/08/2024
1230,Anna,Allan,dusijiz_epo77@example.com,61400000229,25/05/1981,22/11/2019,Platinum,36551,Casino Royale,Caesars Palace,17/06/2024,en-US,FL,7851,,03/08/2024,04/08/2024
1231,Felicity,Anderson,xonop-acezo29@example.com,61400000230,23/04/1985,19/05/2018,Gold,36693,Casino Royale,Casino Royale,25/06/2024,en-US,NV,7883,,03/08/2024,04/08/2024
1232,Stephanie,Brown,denuna_vowa35@example.com,61400000231,12/08/1990,11/03/2021,Platinum,36834,Bellagio,Bellagio,26/06/2024,en-US,CA,7915,,03/08/2024,04/08/2024
1233,Pippa,Fisher,sicip_akayo97@example.com,61400000232,14/03/1982,25/07/2017,Bronze,36975,Venetian,Venetian,24/06/2024,en-US,FL,7948,,03/08/2024,04/08/2024
1234,Audrey,King,koyijad-ulu80@example.com,61400000233,08/09/1995,14/09/2020,Diamond,37116,MGM Grand,Aria,23/06/2024,en-US,TX,7980,,03/08/2024,04/08/2024
1235,Evan,Edmunds,sujej-ohiju17@example.com,61400000234,30/12/1978,05/06/2019,Silver,37257,Aria,MGM Grand,22/06/2024,en-US,NV,8012,,03/08/2024,04/08/2024
1236,Lily,Campbell,noxiz-ucoji26@example.com,61400000235,22/01/1987,01/08/2021,Gold,37398,Caesars Palace,Caesars Palace,21/06/2024,en-US,AZ,8044,,03/08/2024,04/08/2024
1237,Deirdre,Avery,kus_uxumeci19@example.com,61400000236,18/11/1992,10/12/2016,Silver,37539,Aria,Aria,20/06/2024,en-US,CA,8076,,03/08/2024,04/08/2024
1238,Jan,Churchill,yan_izanida76@example.com,61400000237,07/02/1983,08/04/2018,Diamond,37680,Bellagio,Bellagio,19/06/2024,en-US,NV,8108,,03/08/2024,04/08/2024
1239,Emily,Gill,xiga-galuwu17@example.com,61400000238,15/04/1979,10/01/2024,Gold,37821,MGM Grand,Bellagio,18/06/2024,en-US,TX,8140,,03/08/2024,04/08/2024
1240,Carol,Mathis,kusewi_jelo23@example.com,61400000239,25/05/1981,15/05/2024,Platinum,37962,Casino Royale,Caesars Palace,17/06/2024,en-US,FL,8172,,03/08/2024,04/08/2024
1241,Gavin,Smith,cuvuyug-awu10@example.com,61400000240,23/04/1985,15/01/2020,Gold,38104,Casino Royale,Casino Royale,25/06/2024,en-US,NV,8205,,03/08/2024,04/08/2024
1242,Charles,Black,husohef_isu96@example.com,61400000241,12/08/1990,22/11/2019,Platinum,38245,Bellagio,Bellagio,26/06/2024,en-US,CA,8237,,03/08/2024,04/08/2024
1243,Maria,Morrison,verex-exila16@example.com,61400000242,14/03/1982,19/05/2018,Bronze,38386,Venetian,Venetian,24/06/2024,en-US,FL,8269,,03/08/2024,04/08/2024
1244,Rachel,Rampling,dijuka-hoga86@example.com,61400000243,08/09/1995,11/03/2021,Diamond,38527,MGM Grand,Aria,23/06/2024,en-US,TX,8301,,03/08/2024,04/08/2024
1245,Kimberly,Grant,zop-awotavo31@example.com,61400000244,30/12/1978,25/07/2017,Silver,38668,Aria,MGM Grand,22/06/2024,en-US,NV,8333,,03/08/2024,04/08/2024
1246,Evan,Dickens,hoke_lituja39@example.com,61400000245,22/01/1987,14/09/2020,Gold,38809,Caesars Palace,Caesars Palace,21/06/2024,en-US,AZ,8365,,03/08/2024,04/08/2024
1247,Alexander,May,pomuv_oxibu28@example.com,61400000246,18/11/1992,05/06/2019,Silver,38950,Aria,Aria,20/06/2024,en-US,CA,8397,,03/08/2024,04/08/2024
1248,Lillian,Short,doso-zopazu95@example.com,61400000247,07/02/1983,01/08/2021,Diamond,39091,Bellagio,Bellagio,19/06/2024,en-US,NV,8429,,03/08/2024,04/08/2024
1249,Amy,Young,gij-elagaca71@example.com,61400000248,15/04/1979,10/12/2016,Gold,39232,MGM Grand,Bellagio,18/06/2024,en-US,TX,8462,,03/08/2024,04/08/2024
1250,Gordon,Hemmings,rokur_epafa22@example.com,61400000249,25/05/1981,08/04/2018,Platinum,39373,Casino Royale,Caesars Palace,17/06/2024,en-US,FL,8494,,03/08/2024,04/08/2024
1251,Caroline,King,fedojin_ohi83@example.com,61400000250,23/04/1985,10/01/2024,Gold,39515,Casino Royale,Casino Royale,25/06/2024,en-US,NV,8526,,03/08/2024,04/08/2024
1252,Paul,Terry,lig_avorexo64@example.com,61400000251,12/08/1990,15/05/2024,Platinum,39656,Bellagio,Bellagio,26/06/2024,en-US,CA,8558,,03/08/2024,04/08/2024
1253,Carol,Walker,remomij-eze36@example.com,61400000252,14/03/1982,15/01/2020,Bronze,39797,Venetian,Venetian,24/06/2024,en-US,FL,8590,,03/08/2024,04/08/2024
1254,Heather,Buckland,macoj-erevo33@example.com,61400000253,08/09/1995,22/11/2019,Diamond,39938,MGM Grand,Aria,23/06/2024,en-US,TX,8622,,03/08/2024,04/08/2024
1255,Edward,Brown,rigo-nukedi67@example.com,61400000254,30/12/1978,19/05/2018,Silver,40079,Aria,MGM Grand,22/06/2024,en-US,NV,8654,,03/08/2024,04/08/2024
1256,Joan,Parr,tof-olavano95@example.com,61400000255,22/01/1987,11/03/2021,Gold,40220,Caesars Palace,Caesars Palace,21/06/2024,en-US,AZ,8686,,03/08/2024,04/08/2024
1257,Cameron,Piper,regize_weba84@example.com,61400000256,18/11/1992,25/07/2017,Silver,40361,Aria,Aria,20/06/2024,en-US,CA,8718,,03/08/2024,04/08/2024
1258,James,Mackenzie,pele-cecini68@example.com,61400000257,07/02/1983,14/09/2020,Diamond,40502,Bellagio,Bellagio,19/06/2024,en-US,NV,8751,,03/08/2024,04/08/2024
1259,Isaac,Gray,jati-sicudi10@example.com,61400000258,15/04/1979,05/06/2019,Gold,40643,MGM Grand,Bellagio,18/06/2024,en-US,TX,8783,,03/08/2024,04/08/2024
1260,Molly,Clark,cavuxol_ika95@example.com,61400000259,25/05/1981,01/08/2021,Platinum,40784,Casino Royale,Caesars Palace,17/06/2024,en-US,FL,8815,,03/08/2024,04/08/2024
1261,Lucas,Hamilton,pam-ihojuru44@example.com,61400000260,23/04/1985,10/12/2016,Gold,40925,Casino Royale,Casino Royale,25/06/2024,en-US,NV,8847,,03/08/2024,04/08/2024
1262,Joanne,Bell,lehac_atuxe25@example.com,61400000261,12/08/1990,08/04/2018,Platinum,41067,Bellagio,Bellagio,26/06/2024,en-US,CA,8879,,03/08/2024,04/08/2024
1263,Una,Henderson,zuzajeh_eto83@example.com,61400000262,14/03/1982,10/01/2024,Bronze,41208,Venetian,Venetian,24/06/2024,en-US,FL,8911,,03/08/2024,04/08/2024
1264,Felicity,Miller,gidup_eyotu42@example.com,61400000263,08/09/1995,15/05/2024,Diamond,41349,MGM Grand,Aria,23/06/2024,en-US,TX,8943,,03/08/2024,04/08/2024
1265,Tim,Edmunds,xekika-xifu96@example.com,61400000264,30/12/1978,15/01/2020,Silver,41490,Aria,MGM Grand,22/06/2024,en-US,NV,8975,,03/08/2024,04/08/2024
1266,Jasmine,Baker,nicik_irune81@example.com,61400000265,22/01/1987,22/11/2019,Gold,41631,Caesars Palace,Caesars Palace,21/06/2024,en-US,AZ,9008,,03/08/2024,04/08/2024
1267,Adam,Manning,conawez-owo30@example.com,61400000266,18/11/1992,19/05/2018,Silver,41772,Aria,Aria,20/06/2024,en-US,CA,9040,,03/08/2024,04/08/2024
1268,Dan,Avery,hax-ivihube7@example.com,61400000267,07/02/1983,11/03/2021,Diamond,41913,Bellagio,Bellagio,19/06/2024,en-US,NV,9072,,03/08/2024,04/08/2024
1269,Pippa,Cameron,rakay-ezozu48@example.com,61400000268,15/04/1979,25/07/2017,Gold,42054,MGM Grand,Bellagio,18/06/2024,en-US,TX,9104,,03/08/2024,04/08/2024
1270,Brian,Parr,kifofit-epu67@example.com,61400000269,25/05/1981,14/09/2020,Platinum,42195,Casino Royale,Caesars Palace,17/06/2024,en-US,FL,9136,,03/08/2024,04/08/2024
1271,Amelia,King,pamejo_muti80@example.com,61400000270,23/04/1985,05/06/2019,Gold,42336,Casino Royale,Casino Royale,25/06/2024,en-US,NV,9168,,03/08/2024,04/08/2024
1272,Ella,Davidson,sisehoj-edo97@example.com,61400000271,12/08/1990,01/08/2021,Platinum,42478,Bellagio,Bellagio,26/06/2024,en-US,CA,9200,,03/08/2024,04/08/2024
1273,Bernadette,Sutherland,rive-tosata45@example.com,61400000272,14/03/1982,10/12/2016,Bronze,42619,Venetian,Venetian,24/06/2024,en-US,FL,9232,,03/08/2024,04/08/2024
1274,Ruth,Hemmings,hovijo-nelu19@example.com,61400000273,08/09/1995,08/04/2018,Diamond,42760,MGM Grand,Aria,23/06/2024,en-US,TX,9265,,03/08/2024,04/08/2024
1275,Sophie,McGrath,tir_imaneru33@example.com,61400000274,30/12/1978,10/01/2024,Silver,42901,Aria,MGM Grand,22/06/2024,en-US,NV,9297,,03/08/2024,04/08/2024
1276,Paul,Mitchell,kipufe_gofu9@example.com,61400000275,22/01/1987,15/05/2024,Gold,43042,Caesars Palace,Caesars Palace,21/06/2024,en-US,AZ,9329,,03/08/2024,04/08/2024
1277,Dan,Parr,fati_yejoko38@example.com,61400000276,18/11/1992,15/01/2020,Silver,43183,Aria,Aria,20/06/2024,en-US,CA,9361,,03/08/2024,04/08/2024
1278,Ruth,Blake,savucix_ora97@example.com,61400000277,07/02/1983,22/11/2019,Diamond,43324,Bellagio,Bellagio,19/06/2024,en-US,NV,9393,,03/08/2024,04/08/2024
1279,Olivia,MacLeod,kigogo_gase54@example.com,61400000278,15/04/1979,19/05/2018,Gold,43465,MGM Grand,Bellagio,18/06/2024,en-US,TX,9425,,03/08/2024,04/08/2024
1280,Dominic,Peake,suxewe-zexa60@example.com,61400000279,25/05/1981,11/03/2021,Platinum,43606,Casino Royale,Caesars Palace,17/06/2024,en-US,FL,9457,,03/08/2024,04/08/2024
1281,Rebecca,MacDonald,basud-iriba30@example.com,61400000280,23/04/1985,25/07/2017,Gold,43747,Casino Royale,Casino Royale,25/06/2024,en-US,NV,9489,,03/08/2024,04/08/2024
1282,Warren,Black,xod_oxucobe4@example.com,61400000281,12/08/1990,14/09/2020,Platinum,43889,Bellagio,Bellagio,26/06/2024,en-US,CA,9522,,03/08/2024,04/08/2024
1283,Vanessa,Morgan,somayi-duvi16@example.com,61400000282,14/03/1982,05/06/2019,Bronze,44030,Venetian,Venetian,24/06/2024,en-US,FL,9554,,03/08/2024,04/08/2024
1284,Dominic,Young,metu-wasace1@example.com,61400000283,08/09/1995,01/08/2021,Diamond,44171,MGM Grand,Aria,23/06/2024,en-US,TX,9586,,03/08/2024,04/08/2024
1285,Bernadette,Roberts,nadohog_aje3@example.com,61400000284,30/12/1978,10/12/2016,Silver,44312,Aria,MGM Grand,22/06/2024,en-US,NV,9618,,03/08/2024,04/08/2024
1286,Adam,Mitchell,zizup-abime95@example.com,61400000285,22/01/1987,08/04/2018,Gold,44453,Caesars Palace,Caesars Palace,21/06/2024,en-US,AZ,9650,,03/08/2024,04/08/2024
1287,Christian,Nolan,kijiraz-epu28@example.com,61400000286,18/11/1992,10/01/2024,Silver,44594,Aria,Aria,20/06/2024,en-US,CA,9682,,03/08/2024,04/08/2024
1288,Heather,Miller,dica_dilane46@example.com,61400000287,07/02/1983,15/05/2024,Diamond,44735,Bellagio,Bellagio,19/06/2024,en-US,NV,9714,,03/08/2024,04/08/2024
1289,Pippa,Gill,hipavig_adi76@example.com,61400000288,15/04/1979,15/01/2020,Gold,44876,MGM Grand,Bellagio,18/06/2024,en-US,TX,9746,,03/08/2024,04/08/2024
1290,Alison,Berry,ririwiv-aje69@example.com,61400000289,25/05/1981,22/11/2019,Platinum,45017,Casino Royale,Caesars Palace,17/06/2024,en-US,FL,9778,,03/08/2024,04/08/2024
1291,Megan,Wright,vodolub_ana86@example.com,61400000290,23/04/1985,19/05/2018,Gold,45158,Casino Royale,Casino Royale,25/06/2024,en-US,NV,9811,,03/08/2024,04/08/2024
1292,Grace,Sutherland,wunupej-osu19@example.com,61400000291,12/08/1990,11/03/2021,Platinum,45300,Bellagio,Bellagio,26/06/2024,en-US,CA,9843,,03/08/2024,04/08/2024
1293,Elizabeth,Harris,guzihec_unu26@example.com,61400000292,14/03/1982,25/07/2017,Bronze,45441,Venetian,Venetian,24/06/2024,en-US,FL,9875,,03/08/2024,04/08/2024
1294,Megan,Kelly,nekowe-duju21@example.com,61400000293,08/09/1995,14/09/2020,Diamond,45582,MGM Grand,Aria,23/06/2024,en-US,TX,9907,,03/08/2024,04/08/2024
1295,Theresa,Slater,befusu_deti25@example.com,61400000294,30/12/1978,05/06/2019,Silver,45723,Aria,MGM Grand,22/06/2024,en-US,NV,9939,,03/08/2024,04/08/2024
1296,Alexandra,McLean,ditu-megahu65@example.com,61400000295,22/01/1987,01/08/2021,Gold,45864,Caesars Palace,Caesars Palace,21/06/2024,en-US,AZ,9971,,03/08/2024,04/08/2024
1297,Lily,Dowd,reyepaf_afo91@example.com,61400000296,18/11/1992,10/12/2016,Silver,46005,Aria,Aria,20/06/2024,en-US,CA,10003,,03/08/2024,04/08/2024
1298,Andrea,Roberts,bex_itetowo27@example.com,61400000297,07/02/1983,08/04/2018,Diamond,46146,Bellagio,Bellagio,19/06/2024,en-US,NV,10035,,03/08/2024,04/08/2024
1299,Emma,Russell,mureseh-eve97@example.com,61400000298,15/04/1979,10/01/2024,Gold,46287,MGM Grand,Bellagio,18/06/2024,en-US,TX,10068,,03/08/2024,04/08/2024
1300,Julian,Tucker,yiz_iwutoye95@example.com,61400000299,25/05/1981,15/05/2024,Platinum,46428,Casino Royale,Caesars Palace,17/06/2024,en-US,FL,10100,,03/08/2024,04/08/2024
1301,Nathan,Sharp,hutum_azeje22@example.com,61400000300,23/04/1985,15/01/2020,Gold,46569,Casino Royale,Casino Royale,25/06/2024,en-US,NV,10132,,03/08/2024,04/08/2024
1302,Lisa,Hughes,kejud_ediru77@example.com,61400000301,12/08/1990,22/11/2019,Platinum,46711,Bellagio,Bellagio,26/06/2024,en-US,CA,10164,,03/08/2024,04/08/2024
1303,Audrey,Jackson,mad-ekahaho91@example.com,61400000302,14/03/1982,19/05/2018,Bronze,46852,Venetian,Venetian,24/06/2024,en-US,FL,10196,,03/08/2024,04/08/2024
1304,Lucas,Davies,yeyan-oganu15@example.com,61400000303,08/09/1995,11/03/2021,Diamond,46993,MGM Grand,Aria,23/06/2024,en-US,TX,10228,,03/08/2024,04/08/2024
1305,Sally,Dickens,zaza_bikeso94@example.com,61400000304,30/12/1978,25/07/2017,Silver,47134,Aria,MGM Grand,22/06/2024,en-US,NV,10260,,03/08/2024,04/08/2024
1306,Ella,Mitchell,gepa-bemagu6@example.com,61400000305,22/01/1987,14/09/2020,Gold,47275,Caesars Palace,Caesars Palace,21/06/2024,en-US,AZ,10292,,03/08/2024,04/08/2024
1307,Diane,Hart,tibaver-ove20@example.com,61400000306,18/11/1992,05/06/2019,Silver,47416,Aria,Aria,20/06/2024,en-US,CA,10325,,03/08/2024,04/08/2024
1308,Ruth,Ellison,supar_esuzi22@example.com,61400000307,07/02/1983,01/08/2021,Diamond,47557,Bellagio,Bellagio,19/06/2024,en-US,NV,10357,,03/08/2024,04/08/2024
1309,Edward,Dickens,laxehiw-aja65@example.com,61400000308,15/04/1979,10/12/2016,Gold,47698,MGM Grand,Bellagio,18/06/2024,en-US,TX,10389,,03/08/2024,04/08/2024
1310,Gabrielle,King,dor_olezosi61@example.com,61400000309,25/05/1981,08/04/2018,Platinum,47839,Casino Royale,Caesars Palace,17/06/2024,en-US,FL,10421,,03/08/2024,04/08/2024
1311,Adrian,Martin,geyo_fiyewa76@example.com,61400000310,23/04/1985,10/01/2024,Gold,47980,Casino Royale,Casino Royale,25/06/2024,en-US,NV,10453,,03/08/2024,04/08/2024
1312,Michael,Forsyth,hujuxih_ica30@example.com,61400000311,12/08/1990,15/05/2024,Platinum,48122,Bellagio,Bellagio,26/06/2024,en-US,CA,10485,,03/08/2024,04/08/2024
1313,Ian,Ince,fojem-abalo21@example.com,61400000312,14/03/1982,15/01/2020,Bronze,48263,Venetian,Venetian,24/06/2024,en-US,FL,10517,,03/08/2024,04/08/2024
1314,Jasmine,Piper,xedug_irili77@example.com,61400000313,08/09/1995,22/11/2019,Diamond,48404,MGM Grand,Aria,23/06/2024,en-US,TX,10549,,03/08/2024,04/08/2024
1315,Brandon,Hemmings,sobajid-ema58@example.com,61400000314,30/12/1978,19/05/2018,Silver,48545,Aria,MGM Grand,22/06/2024,en-US,NV,10582,,03/08/2024,04/08/2024
1316,Heather,Arnold,reba_kegevu60@example.com,61400000315,22/01/1987,11/03/2021,Gold,48686,Caesars Palace,Caesars Palace,21/06/2024,en-US,AZ,10614,,03/08/2024,04/08/2024
1317,Natalie,Wilkins,lap-ekatagu96@example.com,61400000316,18/11/1992,25/07/2017,Silver,48827,Aria,Aria,20/06/2024,en-US,CA,10646,,03/08/2024,04/08/2024
1318,Alexandra,Mathis,dujovid-ezo1@example.com,61400000317,07/02/1983,14/09/2020,Diamond,48968,Bellagio,Bellagio,19/06/2024,en-US,NV,10678,,03/08/2024,04/08/2024
1319,Rebecca,Vance,jutu-seyupa86@example.com,61400000318,15/04/1979,05/06/2019,Gold,49109,MGM Grand,Bellagio,18/06/2024,en-US,TX,10710,,03/08/2024,04/08/2024
1320,Sophie,Jackson,vif_asugube70@example.com,61400000319,25/05/1981,01/08/2021,Platinum,49250,Casino Royale,Caesars Palace,17/06/2024,en-US,FL,10742,,03/08/2024,04/08/2024
1321,Vanessa,Reid,rusaf-isuyu11@example.com,61400000320,23/04/1985,10/12/2016,Gold,49391,Casino Royale,Casino Royale,25/06/2024,en-US,NV,10774,,03/08/2024,04/08/2024
1322,Jennifer,Langdon,pevaxuc_awi51@example.com,61400000321,12/08/1990,08/04/2018,Platinum,49533,Bellagio,Bellagio,26/06/2024,en-US,CA,10806,,03/08/2024,04/08/2024
1323,Donna,Piper,muwubef-oya46@example.com,61400000322,14/03/1982,10/01/2024,Bronze,49674,Venetian,Venetian,24/06/2024,en-US,FL,10838,,03/08/2024,04/08/2024
1324,Sam,Vaughan,mitik-utigi90@example.com,61400000323,08/09/1995,15/05/2024,Diamond,49815,MGM Grand,Aria,23/06/2024,en-US,TX,10871,,03/08/2024,04/08/2024
1325,Ava,Scott,zonugi-dasa19@example.com,61400000324,30/12/1978,15/01/2020,Silver,49956,Aria,MGM Grand,22/06/2024,en-US,NV,10903,,03/08/2024,04/08/2024
1326,Ian,Metcalfe,mepo-cibadu6@example.com,61400000325,22/01/1987,22/11/2019,Gold,50097,Caesars Palace,Caesars Palace,21/06/2024,en-US,AZ,10935,,03/08/2024,04/08/2024
1327,Bernadette,Burgess,fibezu_joha95@example.com,61400000326,18/11/1992,19/05/2018,Silver,50238,Aria,Aria,20/06/2024,en-US,CA,10967,,03/08/2024,04/08/2024
1328,Joe,Peters,voke_gotuza31@example.com,61400000327,07/02/1983,11/03/2021,Diamond,50379,Bellagio,Bellagio,19/06/2024,en-US,NV,10999,,03/08/2024,04/08/2024
1329,Irene,Campbell,lojege_hiha66@example.com,61400000328,15/04/1979,25/07/2017,Gold,50520,MGM Grand,Bellagio,18/06/2024,en-US,TX,11031,,03/08/2024,04/08/2024
1330,Charles,Berry,pepowo_javo3@example.com,61400000329,25/05/1981,14/09/2020,Platinum,50661,Casino Royale,Caesars Palace,17/06/2024,en-US,FL,11063,,03/08/2024,04/08/2024
1331,Gabrielle,Howard,jerajo_zame94@example.com,61400000330,23/04/1985,05/06/2019,Gold,50802,Casino Royale,Casino Royale,25/06/2024,en-US,NV,11095,,03/08/2024,04/08/2024
1332,Steven,MacDonald,moxeni-puha4@example.com,61400000331,12/08/1990,01/08/2021,Platinum,50943,Bellagio,Bellagio,26/06/2024,en-US,CA,11128,,03/08/2024,04/08/2024
1333,Penelope,Scott,receliy-ino29@example.com,61400000332,14/03/1982,10/12/2016,Bronze,51085,Venetian,Venetian,24/06/2024,en-US,FL,11160,,03/08/2024,04/08/2024
1334,Rebecca,Wallace,dey-apajiso46@example.com,61400000333,08/09/1995,08/04/2018,Diamond,51226,MGM Grand,Aria,23/06/2024,en-US,TX,11192,,03/08/2024,04/08/2024
1335,Olivia,Reid,bodi-figoji14@example.com,61400000334,30/12/1978,10/01/2024,Silver,51367,Aria,MGM Grand,22/06/2024,en-US,NV,11224,,03/08/2024,04/08/2024
1336,Charles,Brown,gogomik-ate71@example.com,61400000335,22/01/1987,15/05/2024,Gold,51508,Caesars Palace,Caesars Palace,21/06/2024,en-US,AZ,11256,,03/08/2024,04/08/2024
1337,Alexander,Gill,dupux_azata12@example.com,61400000336,18/11/1992,15/01/2020,Silver,51649,Aria,Aria,20/06/2024,en-US,CA,11288,,03/08/2024,04/08/2024
1338,Nicola,Young,toneyiv_eku59@example.com,61400000337,07/02/1983,22/11/2019,Diamond,51790,Bellagio,Bellagio,19/06/2024,en-US,NV,11320,,03/08/2024,04/08/2024
1339,Virginia,Nolan,jobatus-ihe15@example.com,61400000338,15/04/1979,19/05/2018,Gold,51931,MGM Grand,Bellagio,18/06/2024,en-US,TX,11352,,03/08/2024,04/08/2024
1340,Robert,Randall,novu-kuruko33@example.com,61400000339,25/05/1981,11/03/2021,Platinum,52072,Casino Royale,Caesars Palace,17/06/2024,en-US,FL,11385,,03/08/2024,04/08/2024
1341,Amelia,Hart,dubib-epebe39@example.com,61400000340,23/04/1985,25/07/2017,Gold,52213,Casino Royale,Casino Royale,25/06/2024,en-US,NV,11417,,03/08/2024,04/08/2024
1342,Boris,Jackson,nebo-direli25@example.com,61400000341,12/08/1990,14/09/2020,Platinum,52354,Bellagio,Bellagio,26/06/2024,en-US,CA,11449,,03/08/2024,04/08/2024
1343,Trevor,Clarkson,duju-nuxisa96@example.com,61400000342,14/03/1982,05/06/2019,Bronze,52496,Venetian,Venetian,24/06/2024,en-US,FL,11481,,03/08/2024,04/08/2024
1344,Jack,Ogden,kuheda-jeja52@example.com,61400000343,08/09/1995,01/08/2021,Diamond,52637,MGM Grand,Aria,23/06/2024,en-US,TX,11513,,03/08/2024,04/08/2024
1345,Jessica,Martin,jubemo-dale85@example.com,61400000344,30/12/1978,10/12/2016,Silver,52778,Aria,MGM Grand,22/06/2024,en-US,NV,11545,,03/08/2024,04/08/2024
1346,Stephanie,Welch,dogisof_ase76@example.com,61400000345,22/01/1987,08/04/2018,Gold,52919,Caesars Palace,Caesars Palace,21/06/2024,en-US,AZ,11577,,03/08/2024,04/08/2024
1347,Luke,Berry,debavoc_aje34@example.com,61400000346,18/11/1992,10/01/2024,Silver,53060,Aria,Aria,20/06/2024,en-US,CA,11609,,03/08/2024,04/08/2024
1348,Samantha,Black,sezixiw_asu30@example.com,61400000347,07/02/1983,15/05/2024,Diamond,53201,Bellagio,Bellagio,19/06/2024,en-US,NV,11642,,03/08/2024,04/08/2024
1349,Sean,Parsons,pire_pobera93@example.com,61400000348,15/04/1979,15/01/2020,Gold,53342,MGM Grand,Bellagio,18/06/2024,en-US,TX,11674,,03/08/2024,04/08/2024
1350,James,Wright,mom_ayoxowo71@example.com,61400000349,25/05/1981,22/11/2019,Platinum,53483,Casino Royale,Caesars Palace,17/06/2024,en-US,FL,11706,,03/08/2024,04/08/2024
1351,Joe,Miller,dah_iconaco98@example.com,61400000350,23/04/1985,19/05/2018,Gold,53624,Casino Royale,Casino Royale,25/06/2024,en-US,NV,11738,,03/08/2024,04/08/2024
1352,Peter,Reid,zos-uyehova28@example.com,61400000351,12/08/1990,11/03/2021,Platinum,53765,Bellagio,Bellagio,26/06/2024,en-US,CA,11770,,03/08/2024,04/08/2024
1353,Adrian,Hudson,xif-ajonafi90@example.com,61400000352,14/03/1982,25/07/2017,Bronze,53907,Venetian,Venetian,24/06/2024,en-US,FL,11802,,03/08/2024,04/08/2024
1354,Molly,Henderson,calayav_aha51@example.com,61400000353,08/09/1995,14/09/2020,Diamond,54048,MGM Grand,Aria,23/06/2024,en-US,TX,11834,,03/08/2024,04/08/2024
1355,Kimberly,Rampling,fel_ulizugu22@example.com,61400000354,30/12/1978,05/06/2019,Silver,54189,Aria,MGM Grand,22/06/2024,en-US,NV,11866,,03/08/2024,04/08/2024
1356,Lauren,Miller,budimu-zuru63@example.com,61400000355,22/01/1987,01/08/2021,Gold,54330,Caesars Palace,Caesars Palace,21/06/2024,en-US,AZ,11898,,03/08/2024,04/08/2024
1357,Dorothy,Jones,rudare-zuve57@example.com,61400000356,18/11/1992,10/12/2016,Silver,54471,Aria,Aria,20/06/2024,en-US,CA,11931,,03/08/2024,04/08/2024
1358,Nathan,Churchill,nayu_mugawa15@example.com,61400000357,07/02/1983,08/04/2018,Diamond,54612,Bellagio,Bellagio,19/06/2024,en-US,NV,11963,,03/08/2024,04/08/2024
1359,Eric,Langdon,tuvawu_mofi33@example.com,61400000358,15/04/1979,10/01/2024,Gold,54753,MGM Grand,Bellagio,18/06/2024,en-US,TX,11995,,03/08/2024,04/08/2024
1360,Vanessa,Gill,gorikit_ito43@example.com,61400000359,25/05/1981,15/05/2024,Platinum,54894,Casino Royale,Caesars Palace,17/06/2024,en-US,FL,12027,,03/08/2024,04/08/2024
1361,Theresa,White,nojajil-owu17@example.com,61400000360,23/04/1985,15/01/2020,Gold,55035,Casino Royale,Casino Royale,25/06/2024,en-US,NV,12059,,03/08/2024,04/08/2024
1362,Rose,Buckland,lunedat-uje87@example.com,61400000361,12/08/1990,22/11/2019,Platinum,55176,Bellagio,Bellagio,26/06/2024,en-US,CA,12091,,03/08/2024,04/08/2024
1363,Sally,Ross,juzalim_uza35@example.com,61400000362,14/03/1982,19/05/2018,Bronze,55318,Venetian,Venetian,24/06/2024,en-US,FL,12123,,03/08/2024,04/08/2024
1364,Victor,Knox,ril_azubevu71@example.com,61400000363,08/09/1995,11/03/2021,Diamond,55459,MGM Grand,Aria,23/06/2024,en-US,TX,12155,,03/08/2024,04/08/2024
1365,Ruth,Underwood,takoc_axahi20@example.com,61400000364,30/12/1978,25/07/2017,Silver,55600,Aria,MGM Grand,22/06/2024,en-US,NV,12188,,03/08/2024,04/08/2024
1366,Paul,Bower,bos-umizuni33@example.com,61400000365,22/01/1987,14/09/2020,Gold,55741,Caesars Palace,Caesars Palace,21/06/2024,en-US,AZ,12220,,03/08/2024,04/08/2024
1367,Wanda,Lawrence,nehimuc-epa43@example.com,61400000366,18/11/1992,05/06/2019,Silver,55882,Aria,Aria,20/06/2024,en-US,CA,12252,,03/08/2024,04/08/2024
1368,Joseph,Sharp,mibowik-ace31@example.com,61400000367,07/02/1983,01/08/2021,Diamond,56023,Bellagio,Bellagio,19/06/2024,en-US,NV,12284,,03/08/2024,04/08/2024
1369,Lucas,Nash,vud_osocowi80@example.com,61400000368,15/04/1979,10/12/2016,Gold,56164,MGM Grand,Bellagio,18/06/2024,en-US,TX,12316,,03/08/2024,04/08/2024
1370,Carolyn,Bell,yigojeg-ado30@example.com,61400000369,25/05/1981,08/04/2018,Platinum,56305,Casino Royale,Caesars Palace,17/06/2024,en-US,FL,12348,,03/08/2024,04/08/2024
1371,Christian,Roberts,cun-ocezupo51@example.com,61400000370,23/04/1985,10/01/2024,Gold,56446,Casino Royale,Casino Royale,25/06/2024,en-US,NV,12380,,03/08/2024,04/08/2024
1372,Melanie,Ogden,yol-usetici83@example.com,61400000371,12/08/1990,15/05/2024,Platinum,56587,Bellagio,Bellagio,26/06/2024,en-US,CA,12412,,03/08/2024,04/08/2024
1373,Stephen,Sharp,gohije_xugu41@example.com,61400000372,14/03/1982,15/01/2020,Bronze,56729,Venetian,Venetian,24/06/2024,en-US,FL,12445,,03/08/2024,04/08/2024
1374,Christopher,Butler,dacu_tojili87@example.com,61400000373,08/09/1995,22/11/2019,Diamond,56870,MGM Grand,Aria,23/06/2024,en-US,TX,12477,,03/08/2024,04/08/2024
1375,Frank,Lee,ravu_nocozi91@example.com,61400000374,30/12/1978,19/05/2018,Silver,57011,Aria,MGM Grand,22/06/2024,en-US,NV,12509,,03/08/2024,04/08/2024
1376,Keith,Mathis,nuxetof-ane19@example.com,61400000375,22/01/1987,11/03/2021,Gold,57152,Caesars Palace,Caesars Palace,21/06/2024,en-US,AZ,12541,,03/08/2024,04/08/2024
1377,Katherine,Randall,geya_monugu12@example.com,61400000376,18/11/1992,25/07/2017,Silver,57293,Aria,Aria,20/06/2024,en-US,CA,12573,,03/08/2024,04/08/2024
1378,Emma,Turner,meg-alevuga87@example.com,61400000377,07/02/1983,14/09/2020,Diamond,57434,Bellagio,Bellagio,19/06/2024,en-US,NV,12605,,03/08/2024,04/08/2024
1379,Luke,Dyer,ziwi_jodico27@example.com,61400000378,15/04/1979,05/06/2019,Gold,57575,MGM Grand,Bellagio,18/06/2024,en-US,TX,12637,,03/08/2024,04/08/2024
1380,Mary,Gibson,pozamiv_enu18@example.com,61400000379,25/05/1981,01/08/2021,Platinum,57716,Casino Royale,Caesars Palace,17/06/2024,en-US,FL,12669,,03/08/2024,04/08/2024
1381,Carolyn,Butler,motah_eduge16@example.com,61400000380,23/04/1985,10/12/2016,Gold,57857,Casino Royale,Casino Royale,25/06/2024,en-US,NV,12702,,03/08/2024,04/08/2024
1382,Amanda,Johnston,pah_agozefu7@example.com,61400000381,12/08/1990,08/04/2018,Platinum,57998,Bellagio,Bellagio,26/06/2024,en-US,CA,12734,,03/08/2024,04/08/2024
1383,Lucas,King,bawase-hepe94@example.com,61400000382,14/03/1982,10/01/2024,Bronze,58140,Venetian,Venetian,24/06/2024,en-US,FL,12766,,03/08/2024,04/08/2024
1384,Frank,Hughes,fey_oyewake21@example.com,61400000383,08/09/1995,15/05/2024,Diamond,58281,MGM Grand,Aria,23/06/2024,en-US,TX,12798,,03/08/2024,04/08/2024
1385,Owen,Bower,rivepe_nelo32@example.com,61400000384,30/12/1978,15/01/2020,Silver,58422,Aria,MGM Grand,22/06/2024,en-US,NV,12830,,03/08/2024,04/08/2024
1386,Brandon,Walsh,piwo_wovemo79@example.com,61400000385,22/01/1987,22/11/2019,Gold,58563,Caesars Palace,Caesars Palace,21/06/2024,en-US,AZ,12862,,03/08/2024,04/08/2024
1387,Melanie,Powell,zekitey_ewu5@example.com,61400000386,18/11/1992,19/05/2018,Silver,58704,Aria,Aria,20/06/2024,en-US,CA,12894,,03/08/2024,04/08/2024
1388,Claire,Hill,mixosiy_esi99@example.com,61400000387,07/02/1983,11/03/2021,Diamond,58845,Bellagio,Bellagio,19/06/2024,en-US,NV,12926,,03/08/2024,04/08/2024
1389,Heather,Welch,fijosu_rela75@example.com,61400000388,15/04/1979,25/07/2017,Gold,58986,MGM Grand,Bellagio,18/06/2024,en-US,TX,12958,,03/08/2024,04/08/2024
1390,Thomas,Avery,zovihed-upi18@example.com,61400000389,25/05/1981,14/09/2020,Platinum,59127,Casino Royale,Caesars Palace,17/06/2024,en-US,FL,12991,,03/08/2024,04/08/2024
1391,Olivia,Fraser,guxob_ehute58@example.com,61400000390,23/04/1985,05/06/2019,Gold,59268,Casino Royale,Casino Royale,25/06/2024,en-US,NV,13023,,03/08/2024,04/08/2024
1392,Jan,Gray,bimo_tunaju1@example.com,61400000391,12/08/1990,01/08/2021,Platinum,59409,Bellagio,Bellagio,26/06/2024,en-US,CA,13055,,03/08/2024,04/08/2024
1393,Katherine,Parr,bena_vudame36@example.com,61400000392,14/03/1982,10/12/2016,Bronze,59551,Venetian,Venetian,24/06/2024,en-US,FL,13087,,03/08/2024,04/08/2024
1394,Jan,Young,gonobuj-ewu2@example.com,61400000393,08/09/1995,08/04/2018,Diamond,59692,MGM Grand,Aria,23/06/2024,en-US,TX,13119,,03/08/2024,04/08/2024
1395,Owen,North,wehapel_ima55@example.com,61400000394,30/12/1978,10/01/2024,Silver,59833,Aria,MGM Grand,22/06/2024,en-US,NV,13151,,03/08/2024,04/08/2024
1396,Chloe,Wallace,yubari-xoji70@example.com,61400000395,22/01/1987,15/05/2024,Gold,59974,Caesars Palace,Caesars Palace,21/06/2024,en-US,AZ,13183,,03/08/2024,04/08/2024
1397,Jonathan,Lyman,baben-osagi9@example.com,61400000396,18/11/1992,15/01/2020,Silver,60115,Aria,Aria,20/06/2024,en-US,CA,13215,,03/08/2024,04/08/2024
1398,Luke,Rutherford,giveses_eje48@example.com,61400000397,07/02/1983,22/11/2019,Diamond,60256,Bellagio,Bellagio,19/06/2024,en-US,NV,13248,,03/08/2024,04/08/2024
1399,Keith,Butler,dav-obasufe43@example.com,61400000398,15/04/1979,19/05/2018,Gold,60397,MGM Grand,Bellagio,18/06/2024,en-US,TX,13280,,03/08/2024,04/08/2024
1400,Matt,Powell,coz_ovowada6@example.com,61400000399,25/05/1981,11/03/2021,Platinum,60538,Casino Royale,Caesars Palace,17/06/2024,en-US,FL,13312,,03/08/2024,04/08/2024
1401,Michael,Avery,cawecu-nara18@example.com,61400000400,23/04/1985,25/07/2017,Gold,60679,Casino Royale,Casino Royale,25/06/2024,en-US,NV,13344,,03/08/2024,04/08/2024
1402,Joe,Russell,fej-osaxugi97@example.com,61400000401,12/08/1990,14/09/2020,Platinum,60820,Bellagio,Bellagio,26/06/2024,en-US,CA,13376,,03/08/2024,04/08/2024
1403,Lily,Scott,jifa-gavixo96@example.com,61400000402,14/03/1982,05/06/2019,Bronze,60961,Venetian,Venetian,24/06/2024,en-US,FL,13408,,03/08/2024,04/08/2024
1404,Leah,Davies,tonot-afini54@example.com,61400000403,08/09/1995,01/08/2021,Diamond,61103,MGM Grand,Aria,23/06/2024,en-US,TX,13440,,03/08/2024,04/08/2024
1405,Harry,Metcalfe,xerufo-nanu36@example.com,61400000404,30/12/1978,10/12/2016,Silver,61244,Aria,MGM Grand,22/06/2024,en-US,NV,13472,,03/08/2024,04/08/2024
1406,Samantha,Paige,nob_ixoruba77@example.com,61400000405,22/01/1987,08/04/2018,Gold,61385,Caesars Palace,Caesars Palace,21/06/2024,en-US,AZ,13505,,03/08/2024,04/08/2024
1407,Gabrielle,Brown,pike_zayaki25@example.com,61400000406,18/11/1992,10/01/2024,Silver,61526,Aria,Aria,20/06/2024,en-US,CA,13537,,03/08/2024,04/08/2024
1408,Oliver,Metcalfe,yutoma_muze21@example.com,61400000407,07/02/1983,15/05/2024,Diamond,61667,Bellagio,Bellagio,19/06/2024,en-US,NV,13569,,03/08/2024,04/08/2024
1409,Jan,Mills,mar_alugihe15@example.com,61400000408,15/04/1979,15/01/2020,Gold,61808,MGM Grand,Bellagio,18/06/2024,en-US,TX,13601,,03/08/2024,04/08/2024
1410,Michael,Poole,hol-ofemeva60@example.com,61400000409,25/05/1981,22/11/2019,Platinum,61949,Casino Royale,Caesars Palace,17/06/2024,en-US,FL,13633,,03/08/2024,04/08/2024
1411,Keith,Hamilton,yedici_wipi50@example.com,61400000410,23/04/1985,19/05/2018,Gold,62090,Casino Royale,Casino Royale,25/06/2024,en-US,NV,13665,,03/08/2024,04/08/2024
1412,Bella,Parr,nefi_cemeca22@example.com,61400000411,12/08/1990,11/03/2021,Platinum,62231,Bellagio,Bellagio,26/06/2024,en-US,CA,13697,,03/08/2024,04/08/2024
1413,Kylie,May,gave-faxozi90@example.com,61400000412,14/03/1982,25/07/2017,Bronze,62372,Venetian,Venetian,24/06/2024,en-US,FL,13729,,03/08/2024,04/08/2024
1414,Sophie,Harris,diloka-wufo99@example.com,61400000413,08/09/1995,14/09/2020,Diamond,62514,MGM Grand,Aria,23/06/2024,en-US,TX,13762,,03/08/2024,04/08/2024
1415,Evan,Nolan,got_ijomuxi85@example.com,61400000414,30/12/1978,05/06/2019,Silver,62655,Aria,MGM Grand,22/06/2024,en-US,NV,13794,,03/08/2024,04/08/2024
1416,Tim,Walker,jivetad-uzo46@example.com,61400000415,22/01/1987,01/08/2021,Gold,62796,Caesars Palace,Caesars Palace,21/06/2024,en-US,AZ,13826,,03/08/2024,04/08/2024
1417,Jane,White,juz-awiwedu51@example.com,61400000416,18/11/1992,10/12/2016,Silver,62937,Aria,Aria,20/06/2024,en-US,CA,13858,,03/08/2024,04/08/2024
1418,Peter,Parsons,zage-kupome11@example.com,61400000417,07/02/1983,08/04/2018,Diamond,63078,Bellagio,Bellagio,19/06/2024,en-US,NV,13890,,03/08/2024,04/08/2024
1419,Michael,Graham,xexi_wadede97@example.com,61400000418,15/04/1979,10/01/2024,Gold,63219,MGM Grand,Bellagio,18/06/2024,en-US,TX,13922,,03/08/2024,04/08/2024
1420,Andrea,Simpson,sovis-utuwi31@example.com,61400000419,25/05/1981,15/05/2024,Platinum,63360,Casino Royale,Caesars Palace,17/06/2024,en-US,FL,13954,,03/08/2024,04/08/2024
1421,Michael,Payne,nab_onefufe33@example.com,61400000420,23/04/1985,15/01/2020,Gold,63501,Casino Royale,Casino Royale,25/06/2024,en-US,NV,13986,,03/08/2024,04/08/2024
1422,Gavin,Rees,korahos_eco70@example.com,61400000421,12/08/1990,22/11/2019,Platinum,63642,Bellagio,Bellagio,26/06/2024,en-US,CA,14018,,03/08/2024,04/08/2024
1423,Claire,White,sekek_uwemu86@example.com,61400000422,14/03/1982,19/05/2018,Bronze,63783,Venetian,Venetian,24/06/2024,en-US,FL,14051,,03/08/2024,04/08/2024
1424,Max,Lyman,kuxa-yugati65@example.com,61400000423,08/09/1995,11/03/2021,Diamond,63925,MGM Grand,Aria,23/06/2024,en-US,TX,14083,,03/08/2024,04/08/2024
1425,Diane,Lawrence,hid_arozuci38@example.com,61400000424,30/12/1978,25/07/2017,Silver,64066,Aria,MGM Grand,22/06/2024,en-US,NV,14115,,03/08/2024,04/08/2024
1426,Joseph,Mills,lipo_pocupu68@example.com,61400000425,22/01/1987,14/09/2020,Gold,64207,Caesars Palace,Caesars Palace,21/06/2024,en-US,AZ,14147,,03/08/2024,04/08/2024
1427,Colin,Lee,hezut_edoyi5@example.com,61400000426,18/11/1992,05/06/2019,Silver,64348,Aria,Aria,20/06/2024,en-US,CA,14179,,03/08/2024,04/08/2024
1428,Eric,MacLeod,kobosa-rofa95@example.com,61400000427,07/02/1983,01/08/2021,Diamond,64489,Bellagio,Bellagio,19/06/2024,en-US,NV,14211,,03/08/2024,04/08/2024
1429,Anthony,Powell,lev-ajazuxa74@example.com,61400000428,15/04/1979,10/12/2016,Gold,64630,MGM Grand,Bellagio,18/06/2024,en-US,TX,14243,,03/08/2024,04/08/2024
1430,Leah,Piper,gafonam-elu51@example.com,61400000429,25/05/1981,08/04/2018,Platinum,64771,Casino Royale,Caesars Palace,17/06/2024,en-US,FL,14275,,03/08/2024,04/08/2024
1431,Piers,Paterson,nim_isiwuga38@example.com,61400000430,23/04/1985,10/01/2024,Gold,64912,Casino Royale,Casino Royale,25/06/2024,en-US,NV,14308,,03/08/2024,04/08/2024
1432,Sophie,Burgess,pac-afajoru91@example.com,61400000431,12/08/1990,15/05/2024,Platinum,65053,Bellagio,Bellagio,26/06/2024,en-US,CA,14340,,03/08/2024,04/08/2024
1433,Ryan,Nash,nay_abijazi41@example.com,61400000432,14/03/1982,15/01/2020,Bronze,65194,Venetian,Venetian,24/06/2024,en-US,FL,14372,,03/08/2024,04/08/2024
1434,Boris,Thomson,senaca_teve10@example.com,61400000433,08/09/1995,22/11/2019,Diamond,65336,MGM Grand,Aria,23/06/2024,en-US,TX,14404,,03/08/2024,04/08/2024
1435,Evan,Parsons,lalu-zikogi30@example.com,61400000434,30/12/1978,19/05/2018,Silver,65477,Aria,MGM Grand,22/06/2024,en-US,NV,14436,,03/08/2024,04/08/2024
1436,Charles,Lambert,woyifi_daju85@example.com,61400000435,22/01/1987,11/03/2021,Gold,65618,Caesars Palace,Caesars Palace,21/06/2024,en-US,AZ,14468,,03/08/2024,04/08/2024
1437,Cameron,Hemmings,tup-asoleyi44@example.com,61400000436,18/11/1992,25/07/2017,Silver,65759,Aria,Aria,20/06/2024,en-US,CA,14500,,03/08/2024,04/08/2024
1438,Alan,Clarkson,duxevi-nesi77@example.com,61400000437,07/02/1983,14/09/2020,Diamond,65900,Bellagio,Bellagio,19/06/2024,en-US,NV,14532,,03/08/2024,04/08/2024
1439,Evan,Davidson,rehocap_uci60@example.com,61400000438,15/04/1979,05/06/2019,Gold,66041,MGM Grand,Bellagio,18/06/2024,en-US,TX,14565,,03/08/2024,04/08/2024
1440,Karen,Graham,puno_rihezi46@example.com,61400000439,25/05/1981,01/08/2021,Platinum,66182,Casino Royale,Caesars Palace,17/06/2024,en-US,FL,14597,,03/08/2024,04/08/2024
1441,Victor,Oliver,giyakaf_ari76@example.com,61400000440,23/04/1985,10/12/2016,Gold,66323,Casino Royale,Casino Royale,25/06/2024,en-US,NV,14629,,03/08/2024,04/08/2024
1442,Paul,Arnold,hululuw_ihi23@example.com,61400000441,12/08/1990,08/04/2018,Platinum,66464,Bellagio,Bellagio,26/06/2024,en-US,CA,14661,,03/08/2024,04/08/2024
1443,Emma,Gill,bijazo-wacu26@example.com,61400000442,14/03/1982,10/01/2024,Bronze,66605,Venetian,Venetian,24/06/2024,en-US,FL,14693,,03/08/2024,04/08/2024
1444,Rose,Ross,pofe_yusesa63@example.com,61400000443,08/09/1995,15/05/2024,Diamond,66747,MGM Grand,Aria,23/06/2024,en-US,TX,14725,,03/08/2024,04/08/2024
1445,Alexander,Paterson,pow-oparabo11@example.com,61400000444,30/12/1978,15/01/2020,Silver,66888,Aria,MGM Grand,22/06/2024,en-US,NV,14757,,03/08/2024,04/08/2024
1446,Stephen,Underwood,suxo-jiwini79@example.com,61400000445,22/01/1987,22/11/2019,Gold,67029,Caesars Palace,Caesars Palace,21/06/2024,en-US,AZ,14789,,03/08/2024,04/08/2024
1447,Anne,Dyer,lozuzub_ewu41@example.com,61400000446,18/11/1992,19/05/2018,Silver,67170,Aria,Aria,20/06/2024,en-US,CA,14822,,03/08/2024,04/08/2024
1448,Dominic,Ogden,lumecuc_uka93@example.com,61400000447,07/02/1983,11/03/2021,Diamond,67311,Bellagio,Bellagio,19/06/2024,en-US,NV,14854,,03/08/2024,04/08/2024
1449,Stewart,Wright,lusa-luwage86@example.com,61400000448,15/04/1979,25/07/2017,Gold,67452,MGM Grand,Bellagio,18/06/2024,en-US,TX,14886,,03/08/2024,04/08/2024
1450,William,Welch,vafaput_oru28@example.com,61400000449,25/05/1981,14/09/2020,Platinum,67593,Casino Royale,Caesars Palace,17/06/2024,en-US,FL,14918,,03/08/2024,04/08/2024
1451,Edward,Pullman,weve-hemuvu11@example.com,61400000450,23/04/1985,05/06/2019,Gold,67734,Casino Royale,Casino Royale,25/06/2024,en-US,NV,14950,,03/08/2024,04/08/2024
1452,Kevin,Mackay,hoh_ubanoli57@example.com,61400000451,12/08/1990,01/08/2021,Platinum,67875,Bellagio,Bellagio,26/06/2024,en-US,CA,14982,,03/08/2024,04/08/2024
1453,Trevor,Skinner,watawu-fure14@example.com,61400000452,14/03/1982,10/12/2016,Bronze,68016,Venetian,Venetian,24/06/2024,en-US,FL,15014,,03/08/2024,04/08/2024
1454,Keith,Wilkins,zurow-acigi30@example.com,61400000453,08/09/1995,08/04/2018,Diamond,68158,MGM Grand,Aria,23/06/2024,en-US,TX,15046,,03/08/2024,04/08/2024
1455,Wanda,Hart,jizufi_mume47@example.com,61400000454,30/12/1978,10/01/2024,Silver,68299,Aria,MGM Grand,22/06/2024,en-US,NV,15078,,03/08/2024,04/08/2024
1456,Richard,Lawrence,nurer_esora52@example.com,61400000455,22/01/1987,15/05/2024,Gold,68440,Caesars Palace,Caesars Palace,21/06/2024,en-US,AZ,15111,,03/08/2024,04/08/2024
1457,Paul,Rees,yigilus_ohe18@example.com,61400000456,18/11/1992,15/01/2020,Silver,68581,Aria,Aria,20/06/2024,en-US,CA,15143,,03/08/2024,04/08/2024
1458,Irene,Parr,xobalu-yadu85@example.com,61400000457,07/02/1983,22/11/2019,Diamond,68722,Bellagio,Bellagio,19/06/2024,en-US,NV,15175,,03/08/2024,04/08/2024
1459,Melanie,Bond,leziget_uxe36@example.com,61400000458,15/04/1979,19/05/2018,Gold,68863,MGM Grand,Bellagio,18/06/2024,en-US,TX,15207,,03/08/2024,04/08/2024
1460,Sebastian,Arnold,jahehix-uxu93@example.com,61400000459,25/05/1981,11/03/2021,Platinum,69004,Casino Royale,Caesars Palace,17/06/2024,en-US,FL,15239,,03/08/2024,04/08/2024
1461,Owen,Hemmings,wiva-jeceju37@example.com,61400000460,23/04/1985,25/07/2017,Gold,69145,Casino Royale,Casino Royale,25/06/2024,en-US,NV,15271,,03/08/2024,04/08/2024
1462,Cameron,Churchill,feya-cazara76@example.com,61400000461,12/08/1990,14/09/2020,Platinum,69286,Bellagio,Bellagio,26/06/2024,en-US,CA,15303,,03/08/2024,04/08/2024
1463,Molly,Kerr,hec-ebajote94@example.com,61400000462,14/03/1982,05/06/2019,Bronze,69427,Venetian,Venetian,24/06/2024,en-US,FL,15335,,03/08/2024,04/08/2024
1464,Felicity,Churchill,noxixak-ako76@example.com,61400000463,08/09/1995,01/08/2021,Diamond,69569,MGM Grand,Aria,23/06/2024,en-US,TX,15368,,03/08/2024,04/08/2024
1465,Adam,Graham,xikibup-ibu60@example.com,61400000464,30/12/1978,10/12/2016,Silver,69710,Aria,MGM Grand,22/06/2024,en-US,NV,15400,,03/08/2024,04/08/2024
1466,Alan,Oliver,pilod_azuva46@example.com,61400000465,22/01/1987,08/04/2018,Gold,69851,Caesars Palace,Caesars Palace,21/06/2024,en-US,AZ,15432,,03/08/2024,04/08/2024
1467,Kylie,Langdon,jah_igaroye31@example.com,61400000466,18/11/1992,10/01/2024,Silver,69992,Aria,Aria,20/06/2024,en-US,CA,15464,,03/08/2024,04/08/2024
1468,Dan,Oliver,tawo_hevogi65@example.com,61400000467,07/02/1983,15/05/2024,Diamond,70133,Bellagio,Bellagio,19/06/2024,en-US,NV,15496,,03/08/2024,04/08/2024
1469,Jan,Peters,pivav_umipi73@example.com,61400000468,15/04/1979,15/01/2020,Gold,70274,MGM Grand,Bellagio,18/06/2024,en-US,TX,15528,,03/08/2024,04/08/2024
1470,Wanda,Manning,xihi_gigaci48@example.com,61400000469,25/05/1981,22/11/2019,Platinum,70415,Casino Royale,Caesars Palace,17/06/2024,en-US,FL,15560,,03/08/2024,04/08/2024
1471,Matt,Ferguson,bawo_zajiti94@example.com,61400000470,23/04/1985,19/05/2018,Gold,70556,Casino Royale,Casino Royale,25/06/2024,en-US,NV,15592,,03/08/2024,04/08/2024
1472,David,Roberts,rinobih_ike1@example.com,61400000471,12/08/1990,11/03/2021,Platinum,70697,Bellagio,Bellagio,26/06/2024,en-US,CA,15625,,03/08/2024,04/08/2024
1473,Amanda,Newman,kev_ovonizu70@example.com,61400000472,14/03/1982,25/07/2017,Bronze,70838,Venetian,Venetian,24/06/2024,en-US,FL,15657,,03/08/2024,04/08/2024
1474,Richard,Kelly,lazojar_idi42@example.com,61400000473,08/09/1995,14/09/2020,Diamond,70979,MGM Grand,Aria,23/06/2024,en-US,TX,15689,,03/08/2024,04/08/2024
1475,Gabrielle,May,guj-ozuyuyo62@example.com,61400000474,30/12/1978,05/06/2019,Silver,71121,Aria,MGM Grand,22/06/2024,en-US,NV,15721,,03/08/2024,04/08/2024
1476,Bella,Berry,zimo-niyiwo25@example.com,61400000475,22/01/1987,01/08/2021,Gold,71262,Caesars Palace,Caesars Palace,21/06/2024,en-US,AZ,15753,,03/08/2024,04/08/2024
1477,Matt,Stewart,penuc-asudo41@example.com,61400000476,18/11/1992,10/12/2016,Silver,71403,Aria,Aria,20/06/2024,en-US,CA,15785,,03/08/2024,04/08/2024
1478,Piers,Gibson,jasir-akini52@example.com,61400000477,07/02/1983,08/04/2018,Diamond,71544,Bellagio,Bellagio,19/06/2024,en-US,NV,15817,,03/08/2024,04/08/2024
1479,Jonathan,Mathis,fisivos_uyi89@example.com,61400000478,15/04/1979,10/01/2024,Gold,71685,MGM Grand,Bellagio,18/06/2024,en-US,TX,15849,,03/08/2024,04/08/2024
1480,Adrian,Harris,zaxe-recaka35@example.com,61400000479,25/05/1981,15/05/2024,Platinum,71826,Casino Royale,Caesars Palace,17/06/2024,en-US,FL,15882,,03/08/2024,04/08/2024
1481,Alexandra,Parr,wuc-exunawi52@example.com,61400000480,23/04/1985,15/01/2020,Gold,71967,Casino Royale,Casino Royale,25/06/2024,en-US,NV,15914,,03/08/2024,04/08/2024
1482,Brandon,Thomson,huwoze-fime16@example.com,61400000481,12/08/1990,22/11/2019,Platinum,72108,Bellagio,Bellagio,26/06/2024,en-US,CA,15946,,03/08/2024,04/08/2024
1483,Sam,Nolan,nudohu-kale62@example.com,61400000482,14/03/1982,19/05/2018,Bronze,72249,Venetian,Venetian,24/06/2024,en-US,FL,15978,,03/08/2024,04/08/2024
1484,Paul,North,fij-onebosi87@example.com,61400000483,08/09/1995,11/03/2021,Diamond,72390,MGM Grand,Aria,23/06/2024,en-US,TX,16010,,03/08/2024,04/08/2024
1485,Ian,Miller,rak_onugoja69@example.com,61400000484,30/12/1978,25/07/2017,Silver,72532,Aria,MGM Grand,22/06/2024,en-US,NV,16042,,03/08/2024,04/08/2024
1486,Victor,Ogden,gavog-ovovu10@example.com,61400000485,22/01/1987,14/09/2020,Gold,72673,Caesars Palace,Caesars Palace,21/06/2024,en-US,AZ,16074,,03/08/2024,04/08/2024
1487,Christian,Marshall,rumota-zusi17@example.com,61400000486,18/11/1992,05/06/2019,Silver,72814,Aria,Aria,20/06/2024,en-US,CA,16106,,03/08/2024,04/08/2024
1488,Grace,Short,wiwe-gufisi48@example.com,61400000487,07/02/1983,01/08/2021,Diamond,72955,Bellagio,Bellagio,19/06/2024,en-US,NV,16138,,03/08/2024,04/08/2024
1489,Jennifer,Pullman,luzo_getubi96@example.com,61400000488,15/04/1979,10/12/2016,Gold,73096,MGM Grand,Bellagio,18/06/2024,en-US,TX,16171,,03/08/2024,04/08/2024
1490,Justin,Morrison,jid_enimaho81@example.com,61400000489,25/05/1981,08/04/2018,Platinum,73237,Casino Royale,Caesars Palace,17/06/2024,en-US,FL,16203,,03/08/2024,04/08/2024
1491,Wanda,MacDonald,zik_akusulo31@example.com,61400000490,23/04/1985,10/01/2024,Gold,73378,Casino Royale,Casino Royale,25/06/2024,en-US,NV,16235,,03/08/2024,04/08/2024
1492,Nathan,Mitchell,duyo_catuye58@example.com,61400000491,12/08/1990,15/05/2024,Platinum,73519,Bellagio,Bellagio,26/06/2024,en-US,CA,16267,,03/08/2024,04/08/2024
1493,Sebastian,Russell,miw_ibosuye24@example.com,61400000492,14/03/1982,15/01/2020,Bronze,73660,Venetian,Venetian,24/06/2024,en-US,FL,16299,,03/08/2024,04/08/2024
1494,Warren,Dyer,pepax_ulosa11@example.com,61400000493,08/09/1995,22/11/2019,Diamond,73801,MGM Grand,Aria,23/06/2024,en-US,TX,16331,,03/08/2024,04/08/2024
1495,Sarah,Arnold,yas-okutahi39@example.com,61400000494,30/12/1978,19/05/2018,Silver,73943,Aria,MGM Grand,22/06/2024,en-US,NV,16363,,03/08/2024,04/08/2024
1496,Simon,Springer,dupuki_geta27@example.com,61400000495,22/01/1987,11/03/2021,Gold,74084,Caesars Palace,Caesars Palace,21/06/2024,en-US,AZ,16395,,03/08/2024,04/08/2024
1497,Emily,Reid,gumateg_ice78@example.com,61400000496,18/11/1992,25/07/2017,Silver,74225,Aria,Aria,20/06/2024,en-US,CA,16428,,03/08/2024,04/08/2024
1498,Donna,Watson,yadog-ibino53@example.com,61400000497,07/02/1983,14/09/2020,Diamond,74366,Bellagio,Bellagio,19/06/2024,en-US,NV,16460,,03/08/2024,04/08/2024
1499,Diane,Hodges,ged-ewonoyu21@example.com,61400000498,15/04/1979,05/06/2019,Gold,74507,MGM Grand,Bellagio,18/06/2024,en-US,TX,16492,,03/08/2024,04/08/2024
1500,William,Vaughan,hotov-ogeza47@example.com,61400000499,25/05/1981,01/08/2021,Platinum,74648,Casino Royale,Caesars Palace,17/06/2024,en-US,FL,16524,,03/08/2024,04/08/2024